product,variants,product_ids,current_tags,add_keywords,already_found_by
Nike Everyday Plus Cushion Crew Socks 3-Pair Pack,1,paB07NGN6S7Z,"outdoor, crew socks",,"performance, cotton"
Moon Lence 8 Person Tent Family Camping Tent Waterproof Windproof with Divided Curtain for Separated 2 Rooms and Double Layer Portable with Carry Bag Outdoor,1,paB093C1W6VQ,"outdoor, tent","cabin tent, instant",
Nike Everyday Plus Cushioned Training Crew Socks,1,paB00W61IITQ,"outdoor, crew socks",,"performance, cotton"
NEMO Disco Down Sleeping Bag,1,paB083B5NBNW,"outdoor, sleeping bag",,"mummy sleeping, lightweight, backpacking, camping, hiking"
"Hanes Men's Sweatshirt, EcoSmart Fleece Hoodie, Cotton-Blend Fleece Hooded Sweatshirt, Plush Fleece Pullover Hoodie",1,paB09KHPWXVQ,"outdoor, sweatshirt",,"fleece crewneck, breathable"
"DEVICO 32oz Water Bottle with Time Marker, BPA Free & Frosted Tritan Plastic, Fast Flow & Leak Proof Flip Lid, Best Choice for Cycling, Running, Camping or Office Work",1,paB088BZPS35,"outdoor, water bottle",,sports
3-12 Pack Womens Crew Socks Size 6-9 LightWeight Thin Casual Calf Socks,1,paB09Y1STM1Q,"outdoor, crew socks",,"performance, cushioned, cotton"
Brooks Women's Caldera 6 Sneaker,1,paB0BJ4TPS42,"outdoor, sneakers",shoes,
6 Person Easy Pop Up Tents for Camping,1,paB07T17SLFZ,"outdoor, tent",family,"cabin tent, instant"
Nike Performance Lightweight Crew Training Socks,1,paB00B7GPWPO,"outdoor, socks","cushioned, athletic, cotton",
Ozark Trail 11 Person 3 Room 14' x 14' Instant Cabin Tent,1,paB01DKZ12W6,"outdoor, tent",,"camping tent, family"
Men's Sportswear Club Fleece Hoodie,1,paB07L7RL47H,"outdoor, hoodie",,sweatshirt
"GoHimal 8 Person Tent for Camping, Waterproof Windproof Family Tent with Rainfly, Divided Curtain Design for Privacy Space, Portable with Carry Bag",1,paB0BTM8YLRB,"outdoor, tent","cabin tent, instant",
ASICS Women's Gel-Venture 8 Running Shoes,1,paB088DM8KGP,"outdoor, running shoes",,sneaker
Nike boys Nsw Club Full-Zip Hoodie,1,paB07KD914Q8,"outdoor, hoodie",,"sweatshirt, breathable, fleece"
SOTD Athletic Cushioned Pad Mid Crew Sports Socks,1,paB09M2D819W,"outdoor, socks",,cotton
"Sleeping Bag, Sleeping Pad, Pillow Combo Set",1,paB082GH5CRG,"outdoor, sleeping bag",,"mummy sleeping, lightweight, backpacking, camping, hiking"
Real Essentials 3 Pack: Men's Fleece Elastic Bottom Jogger Sweatpants with Pockets,1,paB0CHN8X7B5,"outdoor, joggers",,"athletic, pants, tech"
Ozark Trail 16x16-Feet 12-Person 3 Room Instant Cabin Tent with Pre-Attached Poles,1,paB01JK6V2D8,"outdoor, tent",,"camping tent, family"
Hewolf Waterproof Instant Camping Tent,1,paB07G449344,"outdoor, tent","cabin tent, family",
XPETI Men's Waterproof Hiking Boots,1,paB07C3F71SL,"outdoor, hiking boots",trekking,shoes
ARCANA Arc Water Bottle With Time Marker,1,paB081J96GSW,"outdoor, water bottle",,sports
Brooks Women's Ghost 15 GTX Sneaker,1,paB0BMT3FXR3,"outdoor, sneakers",,shoes
HIKERGARDEN 6 Person Camping Tent,1,paB09PDYR4CP,"outdoor, tent",,"cabin tent, instant, family"
Nike Training Cotton Cushioned Crew Socks 6 Pack 8-12,1,paB07MQQCDBS,"outdoor, crew socks",,performance
"Coleman Skydome Camping Tent, 2/4/6/8 Person Family Dome Tent with 5 Minute Setup, Strong Frame can Withstand 35MPH Winds, Roomy Interior with Extra Storage Included",1,paB07XHF7ZS4,"outdoor, tent",instant,cabin tent
NIKE Boys' Performance Cushion Crew Socks with Band,1,paB0059CL74W,"outdoor, crew socks",cotton,
MOON LENCE Pop Up Tent Family Camping Tent for 4 Person Portable Instant Tent Automatic Tent Waterproof Windproof for Camping Hiking Mountaineering,1,paB083HRJH6X,"outdoor, tent",,cabin tent
"CAMPROS CP Tent 8 Person Camping Tents, Weather Resistant Family Tent, 5 Large Mesh Windows, Double Layer, Divided Curtain for Separated Room, Portable with Carry Bag",1,paB0B5CWHXJ2,"outdoor, tent","cabin tent, instant",
"Hanes mens Ecosmart Hoodie, Midweight Fleece Sweatshirt, Pullover Hooded Sweatshirt for Men",1,paB00JUM3STY,"outdoor, hoodie",,club
Nike Men's Pull Over Hoodie,1,paB07KD721N5,"outdoor, hoodie",,"sweatshirt, fleece, club"
"Motivational Water Bottle with Straw & Handle,One Gallon Water Bottle 128 oz/3.8L,Reusable Water Jug, Achieve All-Day Hydration SpillProof, BPA FREE",1,paB0B69CH2X1,"outdoor, water bottle",,sports
On Men's Cloudrunner Sneakers,1,paB0C7GMNPMV,"outdoor, sneakers",,shoes
Coach Women's Court Backpack In Signature Canvas,1,paB08WHXBC6K,"outdoor, backpack",,lightweight
Tanming Women's Faux Leather Moto Biker Short Coat Jacket,1,paB01F97Q0P2,"outdoor, shorts",workout,"waisted, raw hem, ripped"
"Zmoon Emergency Sleeping Bag 2 Pack Lightweight Survival Sleeping Bags Thermal Bivy Sack Portable Emergency Blanket for Camping, Hiking, Outdoor, Activities",1,paB07G12LWTW,"outdoor, sleeping bag",,"mummy sleeping, backpacking"
"UNP Camping Tent 9 Person, Family Cabin Tent, 5 Large Ventilation Mesh Windows, 14'x14'x78 inches Tall with Dividers Curtain for 2 Room",1,paB09WMTYDP4,"outdoor, tent",instant,
adidas Men's Athletic Cushioned Low Cut Socks with Arch Compression for a Secure Fit,1,paB0787KN7M6,"outdoor, socks","crew socks, cotton",
ASICS Women's Gel-Nimbus 25 Running Shoes,1,paB0B4PHDZXS,"outdoor, running shoes",sneaker,
"Fruit of the Loom Eversoft Fleece Joggers with Pockets, Relaxed Fit, Moisture Wicking, Breathable, Tapered Sweatpants",1,paB09KG1817D,"outdoor, joggers",,"athletic, pants"
"Coleman Camping Tent with Instant Setup, 4/6/8/10 Person Weatherproof Tent with WeatherTec Technology, Double-Thick Fabric, and Included Carry Bag, Sets Up in 60 Seconds",1,paB0787D6SD2,"outdoor, tent","cabin tent, family",
Nike Performance Cushion Crew Training Socks,1,paB008F0JE2W,"outdoor, socks",cotton,athletic
"V VILISUN Sleeping Bag Liner, Lightweight Portable, Soft Travel and Camping Sheet, with Compact and Carry Bag, for Travel, Hotel",1,paB07TCVPW68,"outdoor, sleeping bag",,"mummy sleeping, backpacking, hiking"
"Amazon Essentials Men's Regular-Fit Short-Sleeve Crewneck T-Shirt, Pack of 2",1,paB06XWL2ZX8,"outdoor, shorts",running,"athletic, workout"
"Champion Women's Socks, Performance No Show Socks, Women's Athletic Cushioned Socks, 6-Pair Pack",1,paB019H3L6Q2,"outdoor, socks",,"ankle socks, non slip, liner"
OUTVENTURE Women's Mid Lightweight Outdoor Hiking Boots,1,paB098WMK7BQ,"outdoor, hiking boots",,"backpacking, waterproof, trekking, shoes"
Ozark Trail 10-Person Dark Rest Instant Cabin Tent,1,paB01LYK6SZV,"outdoor, tent",,"camping tent, family"
"Camping Tent, Waterproof Family Tent with Removable Rainfly and Carry Bag, Lightweight Tent with Stakes for Camping, Traveling, Backpacking, Hiking, Outdoors",1,paB08VFW8KNR,"outdoor, tent",instant,cabin tent
"Hanes boys Hanes Boys' Socks, Super Value 20-pair Socks, Ankle and No Show Multi-packs",1,paB08R41L35V,"outdoor, socks","crew socks, cushioned, athletic",cotton
"Hanes Men's Beefyt T-Shirt, Heavyweight Cotton Crewneck Tee, 1 Or 2 Pack, Available in Tall Sizes",1,paB01KNM3EJS,"outdoor, t shirt",,"essentials, t-shirt"
Nike Performance Cushion Crew Socks with Band,1,paB010RWDC6E,"outdoor, crew socks",,cotton
"Coleman Carlsbad Dark Room Camping Tent with Screened Porch, 4/6 Person Tent Blocks 90% of Sunlight and Keeps Inside Cool, Weatherproof Tent with Easy Setup and Screened-In Porch",1,paB019YDV12O,"outdoor, tent","cabin tent, instant, family",
FREE SOLDIER Men's Hiking Boots Outdoor Lightweight Breathable Ankle Boots Waterproof for Trekking Hiking,1,paB09GFJFX7G,"outdoor, hiking boots",,shoes
"JanSport SuperBreak One Backpack, Salmon",1,paB08KWRR26V,"outdoor, backpack",,lightweight
Nike mens Everyday Cushioned Training Crew Socks,1,paB01K5YKEA6,"outdoor, crew socks",performance,cotton
Coach 6495 Large Court Backpack In Signature Canvas,1,paB093CC4194,"outdoor, backpack",,lightweight
"TETON Sports -35 Degree and 0 Degree Sleeping Bag. Warm and Comfortable Camping Sleeping Bag, TETON Tough Canvas Shell for Camping, Hunting, and Cold Weather",1,paB00DDP3B50,"outdoor, sleeping bag",,"mummy sleeping, lightweight, backpacking, hiking"
"OutdoorMaster Tents, 4/6/8 Person Camping Tent with Dark Space Technology, Easy Setup in 60 Seconds, Weatherproof Pop Up Tent for Camping with Top Rainfly, Instant Cabin Tent",1,paB09CQ6QJH6,"outdoor, tent",family,
Brooks Women's Revel 5 Running Shoe,1,paB09GFJ3VN5,"outdoor, running shoes",,sneaker
H2O Capsule 2.2L Half Gallon Water Bottle with Storage Sleeve and Covered Straw Lid,1,paB09CN31L3S,"outdoor, water bottle",,sports
"Happy Travel Tent 6 Person Tents for Camping, Waterproof Easy Setup Camping Tent with Rainfly, Portable Large Family Cabin Tent with 5 Large Mesh Windows and Carry Bag for Outdoor Camping & Hiking",1,paB0D4PM73G3,"outdoor, tent",,instant
"Tents, 6/8 Person 60 Seconds Set Up Camping Tent, Waterproof Pop Up Tent with Top Rainfly, Instant Cabin Tent, Advanced Venting Design, Provide Gate Mat",1,paB09CGKP11Y,"outdoor, tent",family,
Nike unisex-child Everyday Cushioned Crew Socks,1,paB08QZ42J67,"outdoor, crew socks",,"performance, cotton"
"Hanes Women's Socks, Lightweight Breathable Socks, No Show and Super No Show, 6-Pack",1,paB084R3HR5J,"outdoor, socks","crew socks, cushioned","ankle socks, athletic"
"Vmini Water Bottle with Straw, Wide Rotating Handle Straw Lid, Wide Mouth Vacuum Insulated Stainless Steel Water Bottle, Gradient Pink+Pink, 32 oz",1,paB085XSQZTQ,"outdoor, water bottle",,sports
Nike Men's Sportswear Club Fleece Hoodie White XL,1,paB08CT13NRF,"outdoor, hoodie",,sweatshirt
Nike Everyday Cushion Crew Socks,1,paB072BH8XJD,"outdoor, crew socks",,"performance, cotton"
Amazon Essentials Men's Fleece Sweatpant,1,paB08X29R2HV,"outdoor, sweatpants",,"jogger sweatpants, wide leg, athletic, pants"
Nike Men's Everyday Cushioned Training Crew Socks,1,paB0C34H6HD7,"outdoor, crew socks",,"performance, cotton"
"Eackrola Sleeping Bag, Lightweight Waterproof Warm & Cool Weather for 3-4 Season Camping Sleeping Bag with Reflective Strip, Portable Compression Sack for Hiking, Backpacking, Traveling, Camping",1,paB08TBRWMQG,"outdoor, sleeping bag",,mummy sleeping
CAMEL CROWN Tents for Camping 4/6 Person Tent Waterproof Easy Setup Backpacking Tents,1,paB0CD23T1GH,"outdoor, tent","cabin tent, family",instant
adidas Men's Athletic Cushioned Quarter Socks,1,paB08L4362JY,"outdoor, socks","crew socks, cut socks, cotton",
Nike Men's Club Swoosh Full Zip Fleece Hoodie,1,paB01N8VSU4V,"outdoor, hoodie",,sweatshirt
Dickies Men's All Purpose Cushion Crew Socks,1,paB085WRHG36,"outdoor, crew socks",,"performance, cotton"
Vmini Water Bottle,1,paB07VC8MRM5,"outdoor, water bottle",,sports
GINGTTO Mens Cargo Jogger Pants Slim Fit Stretch Zipper Pockets Thick Cotton Pants for Men,1,paB0BQMJRG5F,"outdoor, joggers",,"jogger sweatpants, athletic, tech"
Premium Cotton Crew Cut Socks,1,paB07SP8CG3P,"outdoor, socks",athletic,cushioned
SPUKEP Women Hiking Boots Waterproof Mid Work Shoes Lace Up Suede Leather Walking Trekking Mountain Outdoor,1,paB09K3GNKD3,"outdoor, hiking boots",backpacking,
Nike Hoops Elite Backpack Gray,1,paB0C6C3BK1V,"outdoor, backpack",,lightweight
Nike Men's NSW Club Pullover Hoodie,1,paB07KD8XCRH,"outdoor, hoodie",,"sweatshirt, fleece"
"Nike Hayward 2.0 Backpack DV1296-824 Lt Madder Root/Atmosphere, One Size",1,paB09XF1R2GT,"outdoor, backpack",,lightweight
Topwolve Hiking Boots Men's Women's Waterproof Walking Shoes Low Rise Trekking Climbing Shoes Outdoor Backpacking Camping Trails Shoes,1,paB094FZPRTC,"outdoor, hiking boots","running shoes, sneakers, slip",lightweight
"Coleman Montana Camping Tent, 6/8 Person Family Tent with Included Rainfly, Carry Bag, and Spacious Interior, Fits Multiple Queen Airbeds and Sets Up in 15 Minutes",1,paB001TSCF96,"outdoor, tent","cabin tent, instant",
Nike Unisex Everyday Plus Cushioned Training Crew Socks 1 Pair,1,paB07LH468VN,"outdoor, crew socks",,"performance, cotton"
"BROKIG Mens Gym Jogger Pants,Casual Slim Workout Sweatpants with Zipper Pockets Bodybuilding Athletic Pants",1,paB0BDLDF7PF,"outdoor, joggers",,tech
2-Person Camping Tent,1,paB07XPKZRGS,"outdoor, tent","cabin tent, instant, family",
Columbia Men's Trailstorm Ascend Mid Wp Trekking and Hiking Boots,1,paB0CLW5QG82,"outdoor, hiking boots","waterproof hiking, shoes",
Mens Fashion Athletic Joggers Pants,1,paB08YMZSK5D,"outdoor, joggers",,"jogger sweatpants, cargo pants"
"Dome Tent Ozark Trail 10-Person Family Camping Tent with 3 Rooms and Screen Porch, blue",1,paB095YY36LM,"outdoor, tent","cabin tent, instant",
Helly Hansen Men's Cascade Mid Cut Hiking Boots,1,paB095HYZ91T,"outdoor, hiking boots","waterproof hiking, trekking",shoes
Hydro Flask Stainless Steel Wide Mouth Water Bottle with Flex Cap and Double-Wall Vacuum Insulation,1,paB09PMK9S53,"outdoor, water bottle",,sports
"8 Person Tent for Camping, Waterproof Windproof Family Tent with Rainfly, Divided Curtain Design for Privacy Space, Portable with Carry Bag",1,paB0BTM892G6,"outdoor, tent",cabin tent,instant
Grisport Unisex's Saracen High Rise Hiking Boots,1,paB015Y4W6ZS,"outdoor, hiking boots",shoes,"backpacking, waterproof, trekking"
"TETON Sports LEEF Ultralight Mummy Sleeping Bag Perfect for Backpacking, Hiking, and Camping; 3-4 Season Mummy Bag; Free Stuff Sack Included",1,paB09LMNHNZQ,"outdoor, sleeping bag",,lightweight
Asolo Men's High Rise Hiking Shoes,1,paB07B3C8SKD,"outdoor, hiking shoes",,"waterproof hiking, hiking boots, trekking"
"Hanes Men's EcoSmart Jogger Sweatpants, Men's Midweight Fleece Lounge Pants, 30.5""""",1,paB07HDLGGPZ,"outdoor, joggers",,"athletic, tech"
"HiHiker Double Sleeping Bag Queen Size XL -for Camping, Hiking Backpacking and Cold Weather, Portable, Waterproof and Lightweight",1,paB07LC4T57M,"outdoor, sleeping bag",,mummy sleeping
"PORTAL 8 Person Family Camping Tent with Screen Porch, Portable Water Resistant Windproof Cabin Tent with Rainfly, Carry Bag for Family Camping, Outdoor Hiking",1,paB09GLZ1SVG,"outdoor, tent",,instant
Pro Club Men's Hoodie,1,paB00OK3PX5A,"outdoor, hoodie",,"sweatshirt, fleece"
"Nike Women's Wildhorse 7 Trail Running Shoes, CZ1864-600",1,paB098PBZTND,"outdoor, trail running shoes",,wide
NORTIV 8 Women's Waterproof Hiking Boots Outdoor Trekking Camping Trail Hiking Boots,1,paB093VZPW6W,"outdoor, hiking boots",,"backpacking, shoes"
"DIBBATU Emergency Survival Sleeping Bag, Thermal Bivy Sack Blanket, Waterproof Lightweight, Mylar Portable Nylon Sack for Camping Hiking Outdoor Adventure Activities and Help Homeless People",1,paB0893KF92P,"outdoor, sleeping bag",,"mummy sleeping, backpacking"
12 Pairs No Show Socks Men Women Cotton Socks Low Cut Socks No Show Socks Bulk Liner Socks,1,paB09JVQH2RJ,"outdoor, no show socks",,"ankle socks, athletic, non slip"
CORE 12 Person Instant Cabin Tent,1,paB07KFLMN9K,"outdoor, tent","camping tent, family",
Brooks Women's Cascadia 16 GTX Running Shoe,1,paB097F2Z5LQ,"outdoor, running shoes",,sneaker
NIKE Performance Cushion Quarter Socks with Bag,1,paB006AWKVDI,"outdoor, socks","crew socks, athletic, cotton",
"Frelaxy Sleeping Bag Liner, XL Travel Sheet & Camping Sheet for Backpacking, Hotel, Hostels & Traveling, Comfy & Easy Care, Full-Length Zipper/No Zipper",1,paB08YDWDL3C,"outdoor, sleeping bag",,"mummy sleeping, lightweight, hiking"
Brooks Women's Ghost 15 Neutral Running Shoe,1,paB0CVN3L9M7,"outdoor, running shoes",,sneaker
"UNP Tents 6 Person Waterproof Windproof Easy Setup,Double Layer Family Camping Tent with 1 Mesh Door & 5 Large Mesh Windows -10'X9'X78in",1,paB0BDKK2DXY,"outdoor, tent","cabin tent, instant",
"Carhartt Classic Mini Backpack, Durable, Water-Resistant Backpack with Adjustable Shoulder Straps, Wine",1,paB08MBB1B6J,"outdoor, backpack",,lightweight
Nike Everyday Plus Cushion Low Socks 6-Pair Pack,1,paB07FKCRDS6,"outdoor, socks","athletic, cotton",crew socks
Hiking Boots Womens Waterproof Womens Hiking Boots Backpacking Boots Hiking Shoes Breathable Non-slip Durable Hiking Boots for Outdoors,1,paB0C374F41T,"outdoor, hiking boots",,trekking
4 Person Pop Up Tents for Camping,1,paB0919LH9JP,"outdoor, tent","cabin tent, family",instant
"Amazon Essentials Women's Casual Crew Socks, 6 Pairs",1,paB08PDSZ13K,"outdoor, crew socks","performance, cushioned",cotton
HIKERGARDEN 10 Person Camping Tent,1,paB09PFVY2T9,"outdoor, tent",instant,"cabin tent, family"
Brooks Men's Ghost 15 Sneaker,1,paB09RRXFSWS,"outdoor, sneakers",,shoes
"Hanes Men's Ecosmart Fleece Sweatshirt, Cotton-blend Pullover, Crewneck Sweatshirt for Men, 1 Or 2 Pack Available",1,paB071GCRXCV,"outdoor, sweatshirt",,breathable
NIKE Men's Sportswear Club Full Zip Hoodie,1,paB019DLUFCY,"outdoor, hoodie",,"sweatshirt, fleece"
48 Pairs Thin Low Cut Ankle Socks for Men Comfortable Lightweight Breathable Bulk Pack Wholesale,1,paB07PKRZRPY,"outdoor, ankle socks",,"cushioned, athletic"
CAMPROS CP 3 Person Tent,1,paB08CXVMZGN,"outdoor, tent","cabin tent, instant, family",
Women Hiking Boots Waterproof Mid Work Shoes Lace Up Suede Leather Walking Trekking Mountain Outdoor,1,paB0B48C5LJC,"outdoor, hiking boots",,backpacking
CORE 6 Person Instant Cabin Tent,1,paB00VFGKUIK,"outdoor, tent",camping tent,family
adidas Men's Athletic Cushioned Crew Socks with Arch Compression for a Secure Fit,1,paB0787PGJB3,"outdoor, crew socks",cotton,performance
Coleman 6-Person WeatherMaster Tent,1,paB001TS6WWC,"outdoor, tent",,"camping tent, cabin tent, instant, family"
Pair of Thieves Men’s Athletic Performance Socks,1,paB08L8GH1HB,"outdoor, socks",,"crew socks, cushioned, cotton"
"Hanes Men's Hoodie, Ecosmart Fleece Full-zip Hoodie, Zip-up Hooded Sweatshirt for Men",1,paB071JDWSRS,"outdoor, hoodie",,club
"Snugpak Basecamp Ops Sleeper Extreme Sleeping Bag, 19 Degree, Insulated, Olive",1,paB01573EHE4,"outdoor, sleeping bag",,"mummy sleeping, lightweight, backpacking, camping, hiking"
"Hanes Men's Sweatpants, Ultimate Cotton Fleece Sweatpants, Joggers with Pockets for Men",1,paB07W454YC4,"outdoor, sweatpants",,"wide leg, athletic, pants"
Fruit of the Loom Men's Eversoft Cotton Stay Tucked Crew T-Shirt,1,paB08F2N6V84,"outdoor, t shirt",,"essentials, crewneck, t-shirt"
12'x10'x8'Dome Camping Tent 5-6 Person 4 Season Double Layers Waterproof Anti-UV Windproof Tents Family Outdoor Camping Tent,1,paB07CPP8TD2,"outdoor, tent","cabin tent, instant",
Dubinik® Mens Flannel Shirts Long Sleeve Flannel Shirt for Men Casual Button Down Brushed 100% Cotton Shirt,1,paB0C6WQVVSY,"outdoor, shirt","essentials, crewneck, t-shirt",breathable
TETON Sports Leef Mummy Sleeping Bag,1,paB0749MBRFC,"outdoor, sleeping bag",,"lightweight, backpacking, camping, hiking"
"Hanes Men's Essentials T-shirt Pack, Crewneck Cotton T-shirts for Men, 4 Or 6 Pack Available",1,paB00KBZOR94,"outdoor, t shirt",,t-shirt
"Desert & Fox Cotton Flannel Sleeping Bags with Pillow, 4 Season Warm & Cold Weather Envelope Compression Sack, Lightweight & Portable Backpacking Sleeping Bag for Outdoor Camping, Hiking, Traveling",1,paB07HF5Z99K,"outdoor, sleeping bag",,mummy sleeping
Nike Men's Dri-Fit Training Cotton Cushioned Crew Socks,1,paB09ZBGXRQR,"outdoor, crew socks",,performance
Under Armour Hustle Sport Backpack,1,paB08LMSPP2X,"outdoor, backpack",,lightweight
HydroJug Half Gallon Water Bottle 64oz,1,paB09JY8VCF8,"outdoor, water bottle",,sports
COACH Backpack In Signature Canvas One Size,1,paB0B8VC4DDC,"outdoor, backpack",,lightweight
"EchoSmile Camping Instant Tent, 2/4/6/8/10 Person Pop Up Tent, Water Resistant Dome Tent, Easy Setup for Camping Hiking and Outdoor, Portable Tent with Carry Bag, for 3 Seasons…",1,paB085XSMLDG,"outdoor, tent",,"cabin tent, family"
"48 Pairs Womens Low Cut Ankle Socks, Comfortable Lightweight Breathable Athletic Bulk Pack Wholesale",1,paB0B26ZQ1Y4,"outdoor, ankle socks",,cushioned
ASICS womens Running Shoes,1,paB093ZRGRFM,"outdoor, running shoes",,sneaker
Columbia Men's Peakfreak Venture Waterproof Wide Hiking Shoe,1,paB00Q7EUSNW,"outdoor, hiking shoes",,"hiking boots, trekking"
"Gildan Men's Heavy Cotton T-Shirt, Style G5000, 2-Pack",1,paB0828MV4QR,"outdoor, t shirt",,"essentials, crewneck, t-shirt"
NIKE Performance Cushion Quarter Training Socks,1,paB008F060TW,"outdoor, socks","crew socks, athletic, cotton",
Speedo Unisex Plain Moulded Silicone Swimming Cap,1,paB000L9A6ZY,"outdoor, cap",,"angeles dodgers, los angeles, basic"
OUTSON Mens Fashion Joggers Sports Pants Casual Cotton Cargo Pants Gym Sweatpants Trousers Mens Long Pant,1,paB09D6NGPBB,"outdoor, joggers",,athletic
3-6 Pack Womens Crew Lightweight Thin Casual Calf Socks Size 6-11,1,paB0BLBY7MXD,"outdoor, socks",cushioned,"ankle socks, breathable, athletic"
"Ciays Camping Tent, Waterproof Family Tent with Removable Rainfly and Carry Bag, Lightweight Tent with Stakes for Camping, Traveling, Backpacking, Hiking, Outdoors",1,paB08VK85KJB,"outdoor, tent",instant,cabin tent
ASICS Nimbus 25 Lite-Show Road Running Shoe for Woman Blue Yellow,1,paB0BNJN4D9V,"outdoor, running shoes",,sneaker
"Coleman Skydome Camping Tent with Dark Room Technology, 4/6/8/10 Person Family Tent Sets Up in 5 Minutes and Blocks 90% of Sunlight, Weatherproof Tent with Extra Storage and Ventilation",1,paB07XHYJTXD,"outdoor, tent","cabin tent, instant",
Brooks Women's Ghost 15 Sneaker,1,paB09RRZ7D6S,"outdoor, sneakers",shoes,
Under Armour Unisex Hustle 5.0 Backpack,1,paB07Z76B2NC,"outdoor, backpack",,lightweight
"ROCKROOSTER Newland Hiking Boots for Men- Green, 6'' Waterproof Non-Slip Outdoor Mountaineering Boots, Ankle, Anti-Fatigue, Comfortable, Shock Absorption",1,paB08LPQWT4V,"outdoor, hiking boots",,"trekking, shoes"
Nike Hoops Elite Backpack Royal,1,paB0CD38QN4R,"outdoor, backpack",,lightweight
"Hanes Men's Hanes Men's Socks, X-temp Cushioned Crew Socks, 12-pack",1,paB073CLWQM9,"outdoor, socks","performance, cotton",
Tactical Day Pack Backpack for Everyday,1,paB075VJZWNH,"outdoor, backpack",,lightweight
60 Pairs Men Ankle Socks Low Cut Sports Tab Socks No Show Breathable Casual Socks Thin Athletic Short Sock Bulk,1,paB08LQN3N9D,"outdoor, ankle socks",,"lightweight, cushioned"
ZOOOBELIVES Ultralight Backpacking 32-50F Down Sleeping Bag,1,paB088FZHHK8,"outdoor, sleeping bag",,"mummy sleeping, lightweight, camping, hiking"
Amazon Essentials Men's Closed Bottom Fleece Sweatpants,1,paB07175JXPK,"outdoor, sweatpants",,"jogger sweatpants, wide leg, athletic, pants"
"Nike Dri-FIT Cushion Low-Cut Training Socks, 6-pairs",1,paB0059CVBWK,"outdoor, socks","crew socks, cotton",athletic
Aelfric Eden Mens Graphic Oversized Hoodie Cartoon Character Print Streetwear Casual hoodies y2k Hooded Sweatshirt,1,paB0CCVBLL5J,"outdoor, hoodie",,"fleece, club"
Nike Men's Everyday Plus Cushion Crew Socks Medium,1,paB07GBGWGFF,"outdoor, crew socks",,"performance, cotton"
Women's Mid Lightweight Outdoor Hiking Boots,1,paB098WQQ2SP,"outdoor, hiking boots",,"backpacking, waterproof, trekking, shoes"
Pro Club Men's Heavyweight Full Zip Fleece Hoodie,1,paB01MXQ664S,"outdoor, hoodie",,sweatshirt
Kelty Tru.Comfort Doublewide 20 Degree Sleeping Bag,1,paB0BRQQPTNS,"outdoor, sleeping bag",,"mummy sleeping, lightweight, backpacking, camping, hiking"
adidas Energy Backpack,1,paB09G8DWSBL,"outdoor, backpack",,lightweight
JMIERR Mens Casual Joggers Pants,1,paB0B71ZJ8K1,"outdoor, joggers",,"jogger sweatpants, cargo pants, athletic"
3 Pcs Men's Oversized Heavy Cotton Summer T-Shirts Vintage Tee Loose Fit Short Sleeve Casual Tshirts for Men Women,1,paB0CRZ22GNG,"outdoor, t shirt",,"essentials, crewneck"
Nike Hoops Elite Backpack,1,paB0C53X5SY8,"outdoor, backpack",,lightweight
"Hanes Women's Value Socks, No Show Soft Moisture-Wicking Socks, Available in 10 and 14-Packs",1,paB00JHDH716,"outdoor, socks","lightweight, ankle socks, crew socks, cushioned",breathable
Women's Hiking Boots Lace up Ankle Boots Mid Outdoor Non Slip Backpacking Trekking Mountaineering Trail Shoes,1,paB097DT428G,"outdoor, hiking boots",,waterproof
Ozark Trail Hazel Creek 16 Person Family Cabin Tent,1,paB07W96SMG5,"outdoor, tent",,"camping tent, instant"
Southpole Men's Basic Stretch Twill Jogger Pants-Reg and Big & Tall Sizes,1,paB01N16QIZ7,"outdoor, joggers",,"jogger sweatpants, athletic, tech"
"Camping Tent 2 Person, Waterproof Windproof Tent with Rainfly Easy Set up-Portable Dome Tents for Camping",1,paB08HGW1QC1,"outdoor, tent","cabin tent, instant, family",
Nike Men's Sportswear Club Pullover Hoodie,1,paB07L7QNYTK,"outdoor, hoodie",,"sweatshirt, fleece"
ASICS Women's Gel-Contend 8 Running Shoes,1,paB09WBFFWHQ,"outdoor, running shoes",,sneaker
Southpole Men's 1570 Basic Active Fleece Jogger Sweatpants,1,paB00LGRXZQW,"outdoor, joggers",,"athletic, pants, tech"
Nike Men's Hoodie,1,paB08GJZ2R9P,"outdoor, hoodie",,"sweatshirt, fleece, club"
Hyeta 32oz Water Bottles with Straw,1,paB0BVQPVVHJ,"outdoor, water bottle",,sports
NIKE Sportswear Men's Pullover Club Hoodie,1,paB089VH8H6Q,"outdoor, hoodie",,"sweatshirt, fleece"
Naturehike Ultralight Sleeping Bag,1,paB071XXR2Y8,"outdoor, sleeping bag",,"mummy sleeping, lightweight, backpacking, camping, hiking"
Pro Club Men's 6-Pack Heavyweight Cotton Short Sleeve Crew Neck T-Shirt,1,paB00UZKMTIG,"outdoor, shorts",running,"athletic, workout"
