query,status,why,your_top_results
tent,ok,5 of top 5 are tent,"Coleman 6-Person WeatherMaster Tent | AsterOutdoor 6 Person Cabin Tent Instant Setup Tent, Waterproof Family Camping Tent, 60 Sec. Easy Set Up for Car Camping Hiking Outdoor Adventure, Large Space & Extra Tall | Ozark Trail 16x16-Feet 12-Person 3 Room Instant Cabin Tent with Pre-Attached Poles | Ozark Trail 11 Person 3 Room 14' x 14' Instant Cabin Tent (Orange) | CAMEL CROWN Tents for Camping 4/6 Person Tent Waterproof Easy Setup Backpacking Tents"
hiking boots,ok,5 of top 5 are footwear,Asolo Men's High Rise Hiking Shoes | Women's Mid Lightweight Outdoor Hiking Boots | NORTIV 8 Women's Waterproof Hiking Boots Outdoor Trekking Camping Trail Hiking Boots | HUMTTO Men's All-Terrain Waterproof Hiking Boots Lightweight Breathable Outdoor Ankle Boots Trekking Hiking Shoes | NORTIV 8 Men's Waterproof Hiking Boots Outdoor Mid Walking Boots Mens Trekking Hiking Footwear Backpacking Mountaineering Shoes JS19004M
running shoes,ok,5 of top 5 are footwear,ASICS Nimbus 24 Road Running Shoe for Man Azure Green | ASICS Nimbus 25 Lite-Show Road Running Shoe for Woman Blue Yellow | ASICS Nimbus 25 Road Running Shoe for Man Green Fluorescent | ASICS Men's Gel-Contend 8 Running Shoes | ASICS Women's Gel-Contend 8 Running Shoes
crew socks,ok,5 of top 5 are socks,Nike Everyday Plus Cushion Crew Socks 3-Pair Pack | Nike Everyday Plus Cushioned Training Crew Socks (6 Pack) | Premium Cotton Crew Cut Socks (6 Pack) | Nike Everyday Cushion Crew Socks | Dickies Men's All Purpose Cushion Crew Socks (6/12 Packs)
sleeping bag,ok,5 of top 5 are bags,"TETON Sports LEEF Ultralight Mummy Sleeping Bag Perfect for Backpacking, Hiking, and Camping; 3-4 Season Mummy Bag; Free Stuff Sack Included | TETON Sports -35 Degree and 0 Degree Sleeping Bag. Warm and Comfortable Camping Sleeping Bag, TETON Tough Canvas Shell for Camping, Hunting, and Cold Weather | Desert & Fox Cotton Flannel Sleeping Bags with Pillow, 4 Season Warm & Cold Weather Envelope Compression Sack, Lightweight & Portable Backpacking Sleeping Bag for Outdoor Camping, Hiking, Traveling | Eackrola Sleeping Bag, Lightweight Waterproof Warm & Cool Weather for 3-4 Season Camping Sleeping Bag with Reflective Strip, Portable Compression Sack for Hiking, Backpacking, Traveling, Camping | Klymit KSB Lightweight Mummy Sleeping Bag, 20°F Sleeping Bag for Camping, Hiking, and Backpacking in Cold Weather, Gray, Extra Large"
water bottle,ok,5 of top 5 are water bottle,"Opard 30oz Sports Water Bottle with Leak Proof Flip Top Lid BPA Free Tritan Reusable Plastic for Gym and Outdoor | BOTTLE BOTTLE Insulated Water Bottle 24oz with Straw Lid and Handle for Sports Travel Gym Stainless Steel Water Bottles Double-Wall Vacuum Metal Thermos Bottles Leak Proof BPA-Free (Light Gray) | Vmini Water Bottle with Straw, Wide Rotating Handle Straw Lid, Wide Mouth Vacuum Insulated Stainless Steel Water Bottle, Gradient Pink+Pink, 32 oz | Opard 27oz/32oz Motivational Water Bottle with Time Marker to Drink, Reusable Plastic Bottle with BPA Free Tritan for Gym and Sports | Opard 32oz Sports Water Bottle with Motivational Time Marker to Drink, Reusable BPA Free Water Bottles for Gym and Outdoor"
hoodie,ok,5 of top 5 are tops,"Aelfric Eden Mens Graphic Oversized Hoodie Cartoon Character Print Streetwear Casual hoodies y2k Hooded Sweatshirt | Men's Sportswear Club Fleece Hoodie | Pro Club Men's Hoodie | Nike Men's Hoodie | Hanes Men's Hoodie, Ecosmart Fleece Full-zip Hoodie, Zip-up Hooded Sweatshirt for Men"
socks,ok,5 of top 5 are socks,Nike Everyday Plus Cushioned Training Crew Socks (6 Pack) | Pair of Thieves Men’s Athletic Performance Socks - 6 Pack Cushioned Low Cut and Crew Socks for Men | Dickies Men's All Purpose Cushion Crew Socks (6/12 Packs) | SOTD Athletic Cushioned Pad Mid Crew Sports Socks (pack of 6) | Premium Cotton Crew Cut Socks (6 Pack)
backpack,ok,5 of top 5 are bags,Nike Hoops Elite Backpack (32L) (2023) | Nike Hoops Elite Backpack Gray | COACH Backpack In Signature Canvas One Size | Nike Hoops Elite Backpack Royal | Coach Women's Court Backpack In Signature Canvas (Khaki - Chalk)
joggers,ok,5 of top 5 are bottoms,"Hanes Men's EcoSmart Jogger Sweatpants, Men's Midweight Fleece Lounge Pants, 30.5"""" | Real Essentials 3 Pack: Men's Fleece Elastic Bottom Jogger Sweatpants with Pockets (Available in Big & Tall) | Hanes Men's Sweatpants, Ultimate Cotton Fleece Sweatpants, Joggers with Pockets for Men | Fruit of the Loom Eversoft Fleece Joggers with Pockets, Relaxed Fit, Moisture Wicking, Breathable, Tapered Sweatpants | Southpole Men's 1570 Basic Active Fleece Jogger Sweatpants"
sneakers,ok,5 of top 5 are footwear,ASICS Women's Gel-Contend 8 Running Shoes | Brooks Women's Revel 5 Running Shoe | ASICS Nimbus 25 Lite-Show Road Running Shoe for Woman Blue Yellow | Brooks Women's Ghost 15 GTX Sneaker | On Men's Cloudrunner Sneakers
t-shirt,ok,4 of top 5 are tops,"Fruit of the Loom Men's Eversoft Cotton Stay Tucked Crew T-Shirt | Gildan Men's Heavy Cotton T-Shirt, Style G5000, 2-Pack | Hanes Men's Essentials T-shirt Pack, Crewneck Cotton T-shirts for Men, 4 Or 6 Pack Available | Hanes Men's Beefyt T-Shirt, Heavyweight Cotton Crewneck Tee, 1 Or 2 Pack, Available in Tall Sizes | Amazon Essentials Men's Regular-Fit Short-Sleeve Crewneck T-Shirt, Pack of 2"
pants,ok,5 of top 5 are bottoms,"Hanes Men's EcoSmart Jogger Sweatpants, Men's Midweight Fleece Lounge Pants, 30.5"""" | Real Essentials 3 Pack: Men's Fleece Elastic Bottom Jogger Sweatpants with Pockets (Available in Big & Tall) | JMIERR Mens Casual Joggers Pants - Cotton Drawstring Chino Cargo Pants Hiking Outdoor Twill Track Jogging Sweatpants Pants | Mens Fashion Athletic Joggers Pants - Sweatpants Trousers Cotton Cargo Pants Mens Long Pants | Fruit of the Loom Eversoft Fleece Joggers with Pockets, Relaxed Fit, Moisture Wicking, Breathable, Tapered Sweatpants"
shorts,ok,3 of top 5 are bottoms,"Pro Club Men's 6-Pack Heavyweight Cotton Short Sleeve Crew Neck T-Shirt | 48 Pairs Thin Low Cut Ankle Socks for Men Comfortable Lightweight Breathable Bulk Pack Wholesale | Nike Hoops Elite Backpack (32L) (2023) | Real Essentials 3 Pack: Men's Fleece Elastic Bottom Jogger Sweatpants with Pockets (Available in Big & Tall) | Amazon Essentials Men's Regular-Fit Short-Sleeve Crewneck T-Shirt, Pack of 2"
cabin tent,ok,5 of top 5 are tent,"AsterOutdoor 6 Person Cabin Tent Instant Setup Tent, Waterproof Family Camping Tent, 60 Sec. Easy Set Up for Car Camping Hiking Outdoor Adventure, Large Space & Extra Tall | Ozark Trail 16x16-Feet 12-Person 3 Room Instant Cabin Tent with Pre-Attached Poles | BeyondHOME Instant Cabin Tent, 4 Person/6 Person Camping Tent Setup in 60 Seconds with Rainfly & Windproof Tent with Carry Bag for Family Camping & Hiking, Upgraded Ventilation | HIKERGARDEN 6 Person Camping Tent - Portable Easy Set Up Family Tent for Camp, Windproof Fabric Cabin Tent Outdoor for Hiking, Backpacking, Traveling | Coleman 6-Person WeatherMaster Tent"
instant,ok,5 of top 5 mention “instant”,"Ozark Trail 10-Person Dark Rest Instant Cabin Tent | Ozark Trail 16x16-Feet 12-Person 3 Room Instant Cabin Tent with Pre-Attached Poles | EchoSmile Camping Instant Tent, 2/4/6/8/10 Person Pop Up Tent, Water Resistant Dome Tent, Easy Setup for Camping Hiking and Outdoor, Portable Tent with Carry Bag, for 3 Seasons… | AsterOutdoor 6 Person Cabin Tent Instant Setup Tent, Waterproof Family Camping Tent, 60 Sec. Easy Set Up for Car Camping Hiking Outdoor Adventure, Large Space & Extra Tall | Coleman Camping Tent with Instant Setup, 4/6/8/10 Person Weatherproof Tent with WeatherTec Technology, Double-Thick Fabric, and Included Carry Bag, Sets Up in 60 Seconds"
family,ok,4 of top 5 mention “family”,"PORTAL 8 Person Family Camping Tent with Screen Porch, Portable Water Resistant Windproof Cabin Tent with Rainfly, Carry Bag for Family Camping, Outdoor Hiking | Ciays Camping Tent, Waterproof Family Tent with Removable Rainfly and Carry Bag, Lightweight Tent with Stakes for Camping, Traveling, Backpacking, Hiking, Outdoors | Happy Travel Tent 6 Person Tents for Camping, Waterproof Easy Setup Camping Tent with Rainfly, Portable Large Family Cabin Tent with 5 Large Mesh Windows and Carry Bag for Outdoor Camping & Hiking | Ozark Trail Hazel Creek 16 Person Family Cabin Tent | Ozark Trail 16x16-Feet 12-Person 3 Room Instant Cabin Tent with Pre-Attached Poles"
cotton,ok,5 of top 5 mention “cotton”,"Gildan Men's Heavy Cotton T-Shirt, Style G5000, 2-Pack | Fruit of the Loom Men's Eversoft Cotton Stay Tucked Crew T-Shirt | Hanes Men's Sweatpants, Ultimate Cotton Fleece Sweatpants, Joggers with Pockets for Men | Pro Club Men's 6-Pack Heavyweight Cotton Short Sleeve Crew Neck T-Shirt | Amazon Essentials Women's Performance Cotton Cushioned Athletic Crew Socks, 6 Pairs"
cushioned,ok,3 of top 5 mention “cushioned”,Premium Cotton Crew Cut Socks (6 Pack) | Nike unisex-child Everyday Cushioned Crew Socks | Nike Performance Cushion Crew Training Socks | Nike Men's Everyday Cushioned Training Crew Socks | Nike Hoops Elite Backpack (32L) (2023)
athletic,ok,3 of top 5 mention “athletic”,"BROKIG Mens Gym Jogger Pants,Casual Slim Workout Sweatpants with Zipper Pockets Bodybuilding Athletic Pants | adidas Men's Athletic Cushioned Quarter Socks (with Arch Compression for a Secure Fit (6-Pair) | Hanes Men's Sweatpants, Ultimate Cotton Fleece Sweatpants, Joggers with Pockets for Men | JMIERR Mens Casual Joggers Pants - Cotton Drawstring Chino Cargo Pants Hiking Outdoor Twill Track Jogging Sweatpants Pants | adidas Men's Athletic Cushioned Low Cut Socks with Arch Compression for a Secure Fit (6-Pair)"
shoes,ok,5 of top 5 are footwear,ASICS Nimbus 25 Lite-Show Road Running Shoe for Woman Blue Yellow | ASICS Nimbus 25 Road Running Shoe for Man Green Fluorescent | Brooks Women's Ghost 15 GTX Sneaker | ASICS Nimbus 24 Road Running Shoe for Man Azure Green | ASICS Women's Gel-Contend 8 Running Shoes
performance,weak,1 of top 5 mention “performance”,"Pro Club Men's 6-Pack Heavyweight Cotton Short Sleeve Crew Neck T-Shirt | Nike Hoops Elite Backpack (32L) (2023) | 48 Pairs Thin Low Cut Ankle Socks for Men Comfortable Lightweight Breathable Bulk Pack Wholesale | Nike Performance Cushion Crew Training Socks | Motivational Water Bottle with Straw & Handle,One Gallon Water Bottle 128 oz/3.8L,Reusable Water Jug, Achieve All-Day Hydration SpillProof, BPA FREE"
trekking,ok,3 of top 5 mention “trekking”,Topwolve Hiking Boots Men's Women's Waterproof Walking Shoes Low Rise Trekking Climbing Shoes Outdoor Backpacking Camping Trails Shoes | Columbia Men's Peakfreak Venture Waterproof Wide Hiking Shoe | Grisport Unisex's Saracen High Rise Hiking Boots | HUMTTO Men's All-Terrain Waterproof Hiking Boots Lightweight Breathable Outdoor Ankle Boots Trekking Hiking Shoes | NORTIV 8 Men's Waterproof Hiking Boots Outdoor Mid Walking Boots Mens Trekking Hiking Footwear Backpacking Mountaineering Shoes JS19004M
running,ok,5 of top 5 mention “running”,ASICS Nimbus 25 Road Running Shoe for Man Green Fluorescent | ASICS Nimbus 24 Road Running Shoe for Man Azure Green | Brooks Women's Revel 5 Running Shoe | Brooks Men's Revel 5 Neutral Running Shoe | Brooks Men's Glycerin 16 Running Shoes
waterproof hiking,ok,4 of top 5 mention “waterproof hiking”,HUMTTO Men's All-Terrain Waterproof Hiking Boots Lightweight Breathable Outdoor Ankle Boots Trekking Hiking Shoes | NORTIV 8 Women's Waterproof Hiking Boots Outdoor Trekking Camping Trail Hiking Boots | NORTIV 8 Men's Waterproof Hiking Boots Outdoor Mid Walking Boots Mens Trekking Hiking Footwear Backpacking Mountaineering Shoes JS19004M | Women's Mid Lightweight Outdoor Hiking Boots | NORTIV 8 Women's Hiking Boots Waterproof Walking Boots for Trekking Camping Backpacking Outdoor Hiking Shoes
