Handle,Title,Vendor,Type,Tags,Variant Price,Image Src,Body (HTML)
paB0CC8YFD97,NORTIV 8 Men's Waterproof Hiking Boots Outdoor Mid Walking Boots Mens Trekking Hiking Footwear Backpacking Mountaineering Shoes JS19004M,NORTIV 8,Hiking Boots,"outdoor, hiking boots",77,https://m.media-amazon.com/images/I/81FY6YDwBmL._AC_SY695_.jpg,
paB07NGN6S7Z,Nike Everyday Plus Cushion Crew Socks 3-Pair Pack,Nike,Crew Socks,"outdoor, crew socks",26,https://m.media-amazon.com/images/I/91gBa-qKp7L._AC_UX679_.jpg,
paB093C1W6VQ,Moon Lence 8 Person Tent Family Camping Tent Waterproof Windproof with Divided Curtain for Separated 2 Rooms and Double Layer Portable with Carry Bag Outdoor,,Tent,"outdoor, tent",89,https://m.media-amazon.com/images/I/51AieZ5NI4S._AC_SX679_.jpg,
paB00W61IITQ,Nike Everyday Plus Cushioned Training Crew Socks (6 Pack),Nike,Crew Socks,"outdoor, crew socks",26,https://m.media-amazon.com/images/I/81NwnwzcrKL._AC_SX679_.jpg,
paB083B5NBNW,NEMO Disco Down Sleeping Bag | Men's & Women's Plush 15 & 30 Degree Backpacking Sleeping Bag for Side Sleepers,,Sleeping Bag,"outdoor, sleeping bag",228,https://m.media-amazon.com/images/I/71RpXnfPrBL._AC_SX679_.jpg,
paB09KHPWXVQ,"Hanes Men's Sweatshirt, EcoSmart Fleece Hoodie, Cotton-Blend Fleece Hooded Sweatshirt, Plush Fleece Pullover Hoodie",,Sweatshirt,"outdoor, sweatshirt",18,https://m.media-amazon.com/images/I/81n0yTFf+OL._AC_SX679_.jpg,
paB088BZPS35,"DEVICO 32oz Water Bottle with Time Marker, BPA Free & Frosted Tritan Plastic, Fast Flow & Leak Proof Flip Lid, Best Choice for Cycling, Running, Camping or Office Work",,Water Bottle,"outdoor, water bottle",9,https://m.media-amazon.com/images/I/61Zge5mtgKS._AC_SX679_.jpg,
paB09Y1STM1Q,3-12 Pack Womens Crew Socks Size 6-9 LightWeight Thin Casual Calf Socks,,Crew Socks,"outdoor, crew socks",12,https://m.media-amazon.com/images/I/71f7cCu7WQL._AC_UX679_.jpg,
paB094XW8W3W,ASICS Nimbus 24 Road Running Shoe for Man Azure Green,ASICS,Running Shoes,"outdoor, running shoes",12,https://m.media-amazon.com/images/I/51pWNdIXjiL._AC_SY500_.jpg,
paB0BJ4TPS42,Brooks Women's Caldera 6 Sneaker,Brooks,Sneakers,"outdoor, sneakers",87,https://m.media-amazon.com/images/I/81leq0DBkyL._AC_SY500_.jpg,
paB093W8K1XS,NORTIV 8 Women's Hiking Boots Waterproof Walking Boots for Trekking Camping Backpacking Outdoor Hiking Shoes,,Hiking Boots,"outdoor, hiking boots",18,https://m.media-amazon.com/images/I/71nfd5AzOxL._AC_UY695_.jpg,
paB07T17SLFZ,"6 Person Easy Pop Up Tents for Camping - AYAMAYA Double Layer Waterproof Instant Tent with Vestibule & Porch, Large Size Family Tent Automatic Setup for 4-6 People Camping Hiking (Poles Included)",,Tent,"outdoor, tent",139,https://m.media-amazon.com/images/I/61Ys-oeloEL._AC_SX679_.jpg,
paB089TQGT5T,ASICS Men's Gel-Contend 7 Running Shoe,,Running Shoes,"outdoor, running shoes",39,https://m.media-amazon.com/images/I/711jsDRpY3L._AC_UX695_.jpg,
paB09H3PCMXS,"New Balance Men's Fresh Foam Arishi V4 Running Shoe, 0",New Balance,Running Shoes,"outdoor, running shoes",50,https://m.media-amazon.com/images/I/512J667D+BL._AC_SY695_.jpg,
paB00B7GPWPO,Nike Performance Lightweight Crew Training Socks (3 Pair),nike,Socks,"outdoor, socks",18,https://m.media-amazon.com/images/I/71weS7ltWLL._AC_SX679_.jpg,
paB01DKZ12W6,Ozark Trail 11 Person 3 Room 14' x 14' Instant Cabin Tent (Orange),OZARK TRAIL,Tent,"outdoor, tent",198,https://m.media-amazon.com/images/I/41yeMCeaBWL._AC_.jpg,
paB09HX3K51B,LUSWIN Men's Hiking Boots Waterproof High Rise Walking Boots Non Slip Trekking Trail Shoes,,Hiking Boots,"outdoor, hiking boots",18,https://m.media-amazon.com/images/I/81H-o27yToL._AC_SX625_.jpg,
paB094Z9X3Y3,"Opard 32oz Sports Water Bottle with Motivational Time Marker to Drink, Reusable BPA Free Water Bottles for Gym and Outdoor",,Water Bottle,"outdoor, water bottle",6,https://m.media-amazon.com/images/I/513isHeDNWL._AC_SX679_.jpg,
paB07L7RL47H,Men's Sportswear Club Fleece Hoodie,Nike,Hoodie,"outdoor, hoodie",48,https://m.media-amazon.com/images/I/61Xp-6XC8nL._AC_SX679_.jpg,
paB0BTM8YLRB,"GoHimal 8 Person Tent for Camping, Waterproof Windproof Family Tent with Rainfly, Divided Curtain Design for Privacy Space, Portable with Carry Bag",,Tent,"outdoor, tent",139,https://m.media-amazon.com/images/I/71BXbam4XqL._AC_SY355_.jpg,
paB088DM8KGP,ASICS Women's Gel-Venture 8 Running Shoes,,Running Shoes,"outdoor, running shoes",47,https://m.media-amazon.com/images/I/615jKNTNWKL._AC_UY695_.jpg,
paB07KD914Q8,Nike boys Nsw Club Full-Zip Hoodie,Nike,Hoodie,"outdoor, hoodie",24,https://m.media-amazon.com/images/I/41tu6aekgjL._AC_SX679_.jpg,
paB09M2D819W,SOTD Athletic Cushioned Pad Mid Crew Sports Socks (pack of 6),,Socks,"outdoor, socks",19,https://m.media-amazon.com/images/I/41EpgRxvasL._AC_SX679_.jpg,
paB07PPRPQ3G,WOWEI Hiking Boots Lace-up Waterproof Non-Slip Outdoor Men Sports Women Mountain Trekking Shoes for All Season Walking Travelling Backpacking Camping Biking UK,WOWEI,Hiking Boots,"outdoor, hiking boots",24,https://m.media-amazon.com/images/I/71wicIcLgHL._AC_SY695_.jpg,
paB082GH5CRG,"Sleeping Bag, Sleeping Pad, Pillow Combo Set",,Sleeping Bag,"outdoor, sleeping bag",20,https://m.media-amazon.com/images/I/71yppaKKdOL._AC_SX679_.jpg,
paB0CHN8X7B5,Real Essentials 3 Pack: Men's Fleece Elastic Bottom Jogger Sweatpants with Pockets (Available in Big & Tall),,Joggers,"outdoor, joggers",39,https://m.media-amazon.com/images/I/81A9SLlsENL._AC_UX679_.jpg,
paB01JK6V2D8,Ozark Trail 16x16-Feet 12-Person 3 Room Instant Cabin Tent with Pre-Attached Poles,OZARK TRAIL,Tent,"outdoor, tent",198,https://m.media-amazon.com/images/I/51yIOh0WP5L._AC_.jpg,
paB07G449344,"Hewolf Waterproof Instant Camping Tent - 2/3/4 Person Easy Quick Setup Dome Family Tents for Camping,Double Layer Flysheet Can be Used as Pop up Sun Shade",,Tent,"outdoor, tent",139,https://m.media-amazon.com/images/I/61SRhFH7XkL._AC_SX679_.jpg,
paB07C3F71SL,XPETI Men's Waterproof Hiking Boots,,Hiking Boots,"outdoor, hiking boots",55,https://m.media-amazon.com/images/I/613Q3zDe-XL._AC_UY695_.jpg,
paB081J96GSW,"ARCANA Arc Water Bottle With Time Marker - Motivational Water Bottles With Times To Drink - BPA Free Frosted Plastic - Gym, Sports, Outdoors (32oz, clear)",,Water Bottle,"outdoor, water bottle",16,https://m.media-amazon.com/images/I/71MqXSvDq5L._AC_SX679_.jpg,
paB0BMT3FXR3,Brooks Women's Ghost 15 GTX Sneaker,Brooks,Sneakers,"outdoor, sneakers",115,https://m.media-amazon.com/images/I/710NY1ul6yL._AC_UY695_.jpg,
paB09PDYR4CP,"HIKERGARDEN 6 Person Camping Tent - Portable Easy Set Up Family Tent for Camp, Windproof Fabric Cabin Tent Outdoor for Hiking, Backpacking, Traveling",,Tent,"outdoor, tent",92,https://m.media-amazon.com/images/I/61EfSicLNaL._AC_SX679_.jpg,
paB087T3L241,Under Armour Men's Charged Assert 9 Running Shoe,,Running Shoes,"outdoor, running shoes",22,https://m.media-amazon.com/images/I/41YCefsDCSL._AC_SY695_.jpg,
paB07MQQCDBS,Nike Training Cotton Cushioned Crew Socks 6 Pack 8-12,Nike,Crew Socks,"outdoor, crew socks",33,https://m.media-amazon.com/images/I/61xRp0QTSvL._AC_SY879_.jpg,
paB07XHF7ZS4,"Coleman Skydome Camping Tent, 2/4/6/8 Person Family Dome Tent with 5 Minute Setup, Strong Frame can Withstand 35MPH Winds, Roomy Interior with Extra Storage Included",,Tent,"outdoor, tent",131,https://m.media-amazon.com/images/I/71fbgvEnUmL._AC_SX679_.jpg,
paB0059CL74W,NIKE Boys' Performance Cushion Crew Socks with Band (6 Pair),Nike,Crew Socks,"outdoor, crew socks",17,https://m.media-amazon.com/images/I/61HOIIul77L._AC_UX679_.jpg,
paB083HRJH6X,MOON LENCE Pop Up Tent Family Camping Tent for 4 Person Portable Instant Tent Automatic Tent Waterproof Windproof for Camping Hiking Mountaineering,,Tent,"outdoor, tent",129,https://m.media-amazon.com/images/I/61oUgvc4NpL._AC_SX679_.jpg,
paB0B5CWHXJ2,"CAMPROS CP Tent 8 Person Camping Tents, Weather Resistant Family Tent, 5 Large Mesh Windows, Double Layer, Divided Curtain for Separated Room, Portable with Carry Bag",,Tent,"outdoor, tent",159,https://m.media-amazon.com/images/I/51FS0eX1EpL._AC_SX569_.jpg,
paB00JUM3STY,"Hanes mens Ecosmart Hoodie, Midweight Fleece Sweatshirt, Pullover Hooded Sweatshirt for Men",,Hoodie,"outdoor, hoodie",14,https://m.media-amazon.com/images/I/714UXW5A+KL._AC_UY879_.jpg,
paB07KD721N5,Nike Men's Pull Over Hoodie,Nike,Hoodie,"outdoor, hoodie",60,https://m.media-amazon.com/images/I/81JXg7SGKnL._AC_SX679_.jpg,
paB0B69CH2X1,"Motivational Water Bottle with Straw & Handle,One Gallon Water Bottle 128 oz/3.8L,Reusable Water Jug, Achieve All-Day Hydration SpillProof, BPA FREE",,Water Bottle,"outdoor, water bottle",13,https://m.media-amazon.com/images/I/71LHReQK1QL._AC_SX679_.jpg,
paB0C7GMNPMV,On Men's Cloudrunner Sneakers,On,Sneakers,"outdoor, sneakers",17,https://m.media-amazon.com/images/I/51RDWOzS4SL._AC_UY695_.jpg,
paB08WHXBC6K,Coach Women's Court Backpack In Signature Canvas (Khaki - Chalk),,Backpack,"outdoor, backpack",22,https://m.media-amazon.com/images/I/71CWNt3SkuL._AC_SY879_.jpg,
paB01F97Q0P2,Tanming Women's Faux Leather Moto Biker Short Coat Jacket,,Shorts,"outdoor, shorts",39,https://m.media-amazon.com/images/I/71zXW2Q7VIL._AC_UY879_.jpg,
paB07G12LWTW,"Zmoon Emergency Sleeping Bag 2 Pack Lightweight Survival Sleeping Bags Thermal Bivy Sack Portable Emergency Blanket for Camping, Hiking, Outdoor, Activities",,Sleeping Bag,"outdoor, sleeping bag",13,https://m.media-amazon.com/images/I/51NhddQ0uaS._AC_.jpg,
paB0B97CHL23,HUMTTO Men's All-Terrain Waterproof Hiking Boots Lightweight Breathable Outdoor Ankle Boots Trekking Hiking Shoes,,Hiking Boots,"outdoor, hiking boots",69,https://m.media-amazon.com/images/I/71b1BdUg18L._AC_UY695_.jpg,
paB09WMTYDP4,"UNP Camping Tent 9 Person, Family Cabin Tent, 5 Large Ventilation Mesh Windows, 14'x14'x78 inches Tall with Dividers Curtain for 2 Room",,Tent,"outdoor, tent",129,https://m.media-amazon.com/images/I/61sAkHdpW2L._AC_SX679_.jpg,
paB0787KN7M6,adidas Men's Athletic Cushioned Low Cut Socks with Arch Compression for a Secure Fit (6-Pair),,Socks,"outdoor, socks",22,https://m.media-amazon.com/images/I/81fPax1g3aS._AC_SX679_.jpg,
paB0B4PHDZXS,ASICS Women's Gel-Nimbus 25 Running Shoes,,Running Shoes,"outdoor, running shoes",66,https://m.media-amazon.com/images/I/61mRVKMYCsL._AC_SY695_.jpg,
paB09KG1817D,"Fruit of the Loom Eversoft Fleece Joggers with Pockets, Relaxed Fit, Moisture Wicking, Breathable, Tapered Sweatpants",,Joggers,"outdoor, joggers",26,https://m.media-amazon.com/images/I/61TCpB7aONL._AC_SY879_.jpg,
paB0787D6SD2,"Coleman Camping Tent with Instant Setup, 4/6/8/10 Person Weatherproof Tent with WeatherTec Technology, Double-Thick Fabric, and Included Carry Bag, Sets Up in 60 Seconds",,Tent,"outdoor, tent",231,https://m.media-amazon.com/images/I/71GGHGn9vaL._AC_SY355_.jpg,
paB008F0JE2W,Nike Performance Cushion Crew Training Socks,Nike,Socks,"outdoor, socks",29,https://m.media-amazon.com/images/I/71lyRhEmZaL._AC_SX679_.jpg,
paB07TCVPW68,"V VILISUN Sleeping Bag Liner, Lightweight Portable, Soft Travel and Camping Sheet, with Compact and Carry Bag, for Travel, Hotel",,Sleeping Bag,"outdoor, sleeping bag",26,https://m.media-amazon.com/images/I/51T1FSIP8kL._AC_SX679_.jpg,
paB06XWL2ZX8,"Amazon Essentials Men's Regular-Fit Short-Sleeve Crewneck T-Shirt, Pack of 2",,Shorts,"outdoor, shorts",12,https://m.media-amazon.com/images/I/716ufOashcL._AC_UX679_.jpg,
paB019H3L6Q2,"Champion Women's Socks, Performance No Show Socks, Women's Athletic Cushioned Socks, 6-Pair Pack",,Socks,"outdoor, socks",15,https://m.media-amazon.com/images/I/91Gg7fGeLSL._AC_SX679_.jpg,
paB098WMK7BQ,OUTVENTURE Women's Mid Lightweight Outdoor Hiking Boots,OUTVENTURE,Hiking Boots,"outdoor, hiking boots",28,https://m.media-amazon.com/images/I/71Dm-NR+fRL._AC_SY500_.jpg,
paB01LYK6SZV,Ozark Trail 10-Person Dark Rest Instant Cabin Tent,OZARK TRAIL,Tent,"outdoor, tent",249,https://m.media-amazon.com/images/I/51wdX0yki5L._AC_SX679_.jpg,
paB08VFW8KNR,"Camping Tent, Waterproof Family Tent with Removable Rainfly and Carry Bag, Lightweight Tent with Stakes for Camping, Traveling, Backpacking, Hiking, Outdoors",Ciays,Tent,"outdoor, tent",97,https://m.media-amazon.com/images/I/715plu-jLEL._AC_SX679_.jpg,
paB08R41L35V,"Hanes boys Hanes Boys' Socks, Super Value 20-pair Socks, Ankle and No Show Multi-packs",,Socks,"outdoor, socks",10,https://m.media-amazon.com/images/I/81-TETJDLCL._AC_UY879_.jpg,
paB01KNM3EJS,"Hanes Men's Beefyt T-Shirt, Heavyweight Cotton Crewneck Tee, 1 Or 2 Pack, Available in Tall Sizes",Hanes,T-Shirt,"outdoor, t-shirt",10,https://m.media-amazon.com/images/I/717M1-EeF4L._AC_UX679_.jpg,
paB010RWDC6E,Nike Performance Cushion Crew Socks with Band (6 Pairs),Nike,Crew Socks,"outdoor, crew socks",31,https://m.media-amazon.com/images/I/81XwDw-bXpL._AC_SX679_.jpg,
paB019YDV12O,"Coleman Carlsbad Dark Room Camping Tent with Screened Porch, 4/6 Person Tent Blocks 90% of Sunlight and Keeps Inside Cool, Weatherproof Tent with Easy Setup and Screened-In Porch",,Tent,"outdoor, tent",121,https://m.media-amazon.com/images/I/71jKW9Ld4VL._AC_SX569_.jpg,
paB09GFJFX7G,FREE SOLDIER Men's Hiking Boots Outdoor Lightweight Breathable Ankle Boots Waterproof for Trekking Hiking,,Hiking Boots,"outdoor, hiking boots",39,https://m.media-amazon.com/images/I/71qXTGqwb8L._AC_SX679_.jpg,
paB08KWRR26V,"JanSport SuperBreak One Backpack, Salmon - Durable, Lightweight Bag with 1 Main Compartment, Front Utility Pocket with Built-in Organizer - Premium Backpack",,Backpack,"outdoor, backpack",45,https://m.media-amazon.com/images/I/81Td4kwgErL._AC_SX679_.jpg,
paB09WZY58RP,"SANTECO Water Bottles, Reusable Wide Mouth Sports Bottle, Easy to Clean BPA Free Tritan, Double Wall Insulated Light Weight Bottles with Handle for Daily Fitness, Gym, Running, Hiking",,Water Bottle,"outdoor, water bottle",11,https://m.media-amazon.com/images/I/61+vnMcxpDL._AC_SX679_.jpg,
paB01K5YKEA6,Nike mens Everyday Cushioned Training Crew Socks,Nike,Crew Socks,"outdoor, crew socks",16,https://m.media-amazon.com/images/I/715UFmokpzL._AC_SX385_.jpg,
paB093CC4194,Coach 6495 Large Court Backpack In Signature Canvas,,Backpack,"outdoor, backpack",280,https://m.media-amazon.com/images/I/61F67GydacS._AC_SX425_.jpg,
paB00DDP3B50,"TETON Sports -35 Degree and 0 Degree Sleeping Bag. Warm and Comfortable Camping Sleeping Bag, TETON Tough Canvas Shell for Camping, Hunting, and Cold Weather",,Sleeping Bag,"outdoor, sleeping bag",192,https://m.media-amazon.com/images/I/71hR1SZY0fL._AC_SY450_.jpg,
paB0BZ14BQT9,ASICS Men's Gel-Contend 8 Running Shoes,ASICS,Running Shoes,"outdoor, running shoes",29,https://m.media-amazon.com/images/I/61Xmt9hYKpL._AC_SY695_.jpg,
paB00TZRPQFI,"TETON Sports 20 Degree and 5 Degree Sleeping Bags; Lightweight, Warm Mummy Sleeping Bag, Camping, Backpacking, Hiking",,Sleeping Bag,"outdoor, sleeping bag",51,https://m.media-amazon.com/images/I/61rJPu-u6CL._AC_SX679_.jpg,
paB09CQ6QJH6,"OutdoorMaster Tents, 4/6/8 Person Camping Tent with Dark Space Technology, Easy Setup in 60 Seconds, Weatherproof Pop Up Tent for Camping with Top Rainfly, Instant Cabin Tent",,Tent,"outdoor, tent",139,https://m.media-amazon.com/images/I/61Wb7ZOgKjL._AC_SX679_.jpg,
paB09GFJ3VN5,Brooks Women's Revel 5 Running Shoe,,Running Shoes,"outdoor, running shoes",84,https://m.media-amazon.com/images/I/81IlHytajCL._AC_SY575_.jpg,
paB09CN31L3S,"H2O Capsule 2.2L Half Gallon Water Bottle with Storage Sleeve and Covered Straw Lid – BPA Free Large Reusable Drink Container with Handle - Big Sports Jug, 2.2 Liter (74 Ounce)",,Water Bottle,"outdoor, water bottle",29,https://m.media-amazon.com/images/I/81jAl0BOj6L._AC_SX679_.jpg,
paB089QGRT8F,Opard 30oz Sports Water Bottle with Leak Proof Flip Top Lid BPA Free Tritan Reusable Plastic for Gym and Outdoor,,Water Bottle,"outdoor, water bottle",11,https://m.media-amazon.com/images/I/51V1y8RCdIL._AC_SX679_.jpg,
paB0D4PM73G3,"Happy Travel Tent 6 Person Tents for Camping, Waterproof Easy Setup Camping Tent with Rainfly, Portable Large Family Cabin Tent with 5 Large Mesh Windows and Carry Bag for Outdoor Camping & Hiking",HAPPY TRAVEL,Tent,"outdoor, tent",169,https://m.media-amazon.com/images/I/61SALLf22zL._AC_SX679_.jpg,
paB09CGKP11Y,"Tents, 6/8 Person 60 Seconds Set Up Camping Tent, Waterproof Pop Up Tent with Top Rainfly, Instant Cabin Tent, Advanced Venting Design, Provide Gate Mat",Hitwby,Tent,"outdoor, tent",139,https://m.media-amazon.com/images/I/617uvheU4uL._AC_SX679_.jpg,
paB08QZ42J67,Nike unisex-child Everyday Cushioned Crew Socks,Nike,Crew Socks,"outdoor, crew socks",26,https://m.media-amazon.com/images/I/81PbfbQkCXL._AC_SX679_.jpg,
paB08ZNB3G44,"6-Person Tent/Instant for Camping Windproof Family 60 Seconds/Easy Setup Cabin Tent with Top Rainfly, Double Layer,4 Large Mesh Windows,2 Mesh Door,Provide 2 pcs Gate Mat Camping Tent-10'X9'X78''(H)",Liamoy,Tent,"outdoor, tent",179,https://m.media-amazon.com/images/I/61Gq2DBf-7L._AC_SX679_.jpg,
paB084R3HR5J,"Hanes Women's Socks, Lightweight Breathable Socks, No Show and Super No Show, 6-Pack",,Socks,"outdoor, socks",11,https://m.media-amazon.com/images/I/91wpdBTuZIL._AC_SX679_.jpg,
paB085XSQZTQ,"Vmini Water Bottle with Straw, Wide Rotating Handle Straw Lid, Wide Mouth Vacuum Insulated Stainless Steel Water Bottle, Gradient Pink+Pink, 32 oz",,Water Bottle,"outdoor, water bottle",15,https://m.media-amazon.com/images/I/71wOBU8k8XL._AC_SX679_.jpg,
paB08CT13NRF,Nike Men's Sportswear Club Fleece Hoodie White XL,Nike,Hoodie,"outdoor, hoodie",103,https://m.media-amazon.com/images/I/516Pb+ovbrL._AC_SY879_.jpg,
paB072BH8XJD,Nike Everyday Cushion Crew Socks,Nike,Crew Socks,"outdoor, crew socks",29,https://m.media-amazon.com/images/I/81Y49CpPftL._AC_SX679_.jpg,
paB09TTCDVBK,"Opard 27oz/32oz Motivational Water Bottle with Time Marker to Drink, Reusable Plastic Bottle with BPA Free Tritan for Gym and Sports",,Water Bottle,"outdoor, water bottle",8,https://m.media-amazon.com/images/I/519rPs+dC8L._AC_SX679_.jpg,
paB08RSCQTG6,"AsterOutdoor 6 Person Cabin Tent Instant Setup Tent, Waterproof Family Camping Tent, 60 Sec. Easy Set Up for Car Camping Hiking Outdoor Adventure, Large Space & Extra Tall",AsterOutdoor,Tent,"outdoor, tent",169,https://m.media-amazon.com/images/I/71S1hE8DzgL._AC_SX679_.jpg,
paB08X29R2HV,Amazon Essentials Men's Fleece Sweatpant (Available in Big & Tall),,Sweatpants,"outdoor, sweatpants",15,https://m.media-amazon.com/images/I/81ukPQVrTKL._AC_SY550_.jpg,
paB0C34H6HD7,Nike Men's Everyday Cushioned Training Crew Socks,Nike,Crew Socks,"outdoor, crew socks",26,https://m.media-amazon.com/images/I/51yfBEDvqPL._AC_SY879_.jpg,
paB08TBRWMQG,"Eackrola Sleeping Bag, Lightweight Waterproof Warm & Cool Weather for 3-4 Season Camping Sleeping Bag with Reflective Strip, Portable Compression Sack for Hiking, Backpacking, Traveling, Camping",,Sleeping Bag,"outdoor, sleeping bag",49,https://m.media-amazon.com/images/I/61Qj9z8+8+L._AC_SX679_.jpg,
paB0CD23T1GH,CAMEL CROWN Tents for Camping 4/6 Person Tent Waterproof Easy Setup Backpacking Tents,CAMEL CROWN,Tent,"outdoor, tent",90,https://m.media-amazon.com/images/I/71XKeETgujL._AC_SX679_.jpg,
paB08L4362JY,adidas Men's Athletic Cushioned Quarter Socks (with Arch Compression for a Secure Fit (6-Pair),,Socks,"outdoor, socks",18,https://m.media-amazon.com/images/I/81hNGGETHXL._AC_UX679_.jpg,
paB01N8VSU4V,Nike Men's Club Swoosh Full Zip Fleece Hoodie,Nike,Hoodie,"outdoor, hoodie",70,https://m.media-amazon.com/images/I/71p9w+VyW2L._AC_UX679_.jpg,
paB09RZG1JBQ,"BeyondHOME Instant Cabin Tent, 4 Person/6 Person Camping Tent Setup in 60 Seconds with Rainfly & Windproof Tent with Carry Bag for Family Camping & Hiking, Upgraded Ventilation",,Tent,"outdoor, tent",90,https://m.media-amazon.com/images/I/61YOWRNcysL._AC_SY355_.jpg,
paB085WRHG36,Dickies Men's All Purpose Cushion Crew Socks (6/12 Packs),,Crew Socks,"outdoor, crew socks",11,https://m.media-amazon.com/images/I/91ChmTMh2DL._AC_UX679_.jpg,
paB07VC8MRM5,"Vmini Water Bottle - Wide Mouth, 18/8 Stainless Steel, Double Wall Vacuum Insulated, New Straw Lid with Wide Handle (Grey, 32 oz)",,Water Bottle,"outdoor, water bottle",14,https://m.media-amazon.com/images/I/61y+IUDHB8L._AC_SX679_.jpg,
paB0BQMJRG5F,GINGTTO Mens Cargo Jogger Pants Slim Fit Stretch Zipper Pockets Thick Cotton Pants for Men,GINGTTO,Joggers,"outdoor, joggers",31,https://m.media-amazon.com/images/I/61BXyBWXn5L._AC_SY879_.jpg,
paB0D5GHK9ZN,Men's Waterproof Hiking Boots Outdoor Hiking Shoes Trekking Backpacking Mountaineering Boots,POGEPE,Hiking Boots,"outdoor, hiking boots",29,https://m.media-amazon.com/images/I/81L+P4ia+sL._AC_UY695_.jpg,
paB07SP8CG3P,Premium Cotton Crew Cut Socks (6 Pack),Nike,Socks,"outdoor, socks",23,https://m.media-amazon.com/images/I/61JzoGfNHFL._AC_SX679_.jpg,
paB09K3GNKD3,SPUKEP Women Hiking Boots Waterproof Mid Work Shoes Lace Up Suede Leather Walking Trekking Mountain Outdoor,,Hiking Boots,"outdoor, hiking boots",29,https://m.media-amazon.com/images/I/81XLqWqRTdL._AC_UY695_.jpg,
paB0C6C3BK1V,Nike Hoops Elite Backpack Gray,Nike,Backpack,"outdoor, backpack",89,https://m.media-amazon.com/images/I/51dL2HltZcL._AC_SX425_.jpg,
paB07KD8XCRH,Nike Men's NSW Club Pullover Hoodie,Nike,Hoodie,"outdoor, hoodie",59,https://m.media-amazon.com/images/I/51As2sY2yCL._AC_UX679_.jpg,
paB098PC44HL,NIKE Men's Revolution 5 Flyease Running Shoe,NIKE,Running Shoes,"outdoor, running shoes",37,https://m.media-amazon.com/images/I/51DeSu3qTpL._AC_SY500_.jpg,
paB09XF1R2GT,"Nike Hayward 2.0 Backpack DV1296-824 Lt Madder Root/Atmosphere, One Size",Nike,Backpack,"outdoor, backpack",79,https://m.media-amazon.com/images/I/81IyHiids7L._AC_SX679_.jpg,
paB07VX698JF,"Opard Water Bottle with Time Marker, 30 oz Sports BPA Free Plastic Reusable Fruit Infuser Water Bottles with Handle, Leak Proof Flip Top Lid, Infusion Rod, Cleaning Brush and Recipe (Red)",,Water Bottle,"outdoor, water bottle",11,https://m.media-amazon.com/images/I/615bVBV4EaL._AC_SX569_.jpg,
paB094FZPRTC,Topwolve Hiking Boots Men's Women's Waterproof Walking Shoes Low Rise Trekking Climbing Shoes Outdoor Backpacking Camping Trails Shoes,Topwolve,Hiking Boots,"outdoor, hiking boots",28,https://m.media-amazon.com/images/I/71hvEmyUs4L._AC_SY500_.jpg,
paB001TSCF96,"Coleman Montana Camping Tent, 6/8 Person Family Tent with Included Rainfly, Carry Bag, and Spacious Interior, Fits Multiple Queen Airbeds and Sets Up in 15 Minutes",,Tent,"outdoor, tent",88,https://m.media-amazon.com/images/I/71kuwELWwdL._AC_SX679_.jpg,
paB0BHKJNKMV,Brooks Men’s Revel 6 Neutral Running Shoe,,Running Shoes,"outdoor, running shoes",109,https://m.media-amazon.com/images/I/71OKL9WVEIL._AC_SY695_.jpg,
paB07LH468VN,Nike Unisex Everyday Plus Cushioned Training Crew Socks 1 Pair,Nike,Crew Socks,"outdoor, crew socks",14,https://m.media-amazon.com/images/I/61YLchiyZ0L._AC_SY879_.jpg,
paB0BDLDF7PF,"BROKIG Mens Gym Jogger Pants,Casual Slim Workout Sweatpants with Zipper Pockets Bodybuilding Athletic Pants",,Joggers,"outdoor, joggers",36,https://m.media-amazon.com/images/I/51E-5SUrFNL._AC_UX679_.jpg,
paB07XPKZRGS,"2-Person Camping Tent - Includes Rain Fly and Carrying Bag - Lightweight Compact Outdoor Tent for Backpacking, Hiking, or Beaches by Wakeman (Orange)",,Tent,"outdoor, tent",22,https://m.media-amazon.com/images/I/812wCS-IKuL._AC_SX679_.jpg,
paB08R116BSR,Brooks Men's Revel 5 Neutral Running Shoe,,Running Shoes,"outdoor, running shoes",95,https://m.media-amazon.com/images/I/81hELv8FA9L._AC_UY695_.jpg,
paB09YF4FF9H,"Amazon Essentials Women's Performance Cotton Cushioned Athletic Crew Socks, 6 Pairs",,Crew Socks,"outdoor, crew socks",16,https://m.media-amazon.com/images/I/81Le1GBEe4L._AC_SX679_.jpg,
paB0B27D6PN2,ASICS Nimbus 25 Road Running Shoe for Man Green Fluorescent,ASICS,Running Shoes,"outdoor, running shoes",136,https://m.media-amazon.com/images/I/51ygdamyf3L._AC_UY695_.jpg,
paB0CLW5QG82,Columbia Men's Trailstorm Ascend Mid Wp Trekking and Hiking Boots,Columbia,Hiking Boots,"outdoor, hiking boots",90,https://m.media-amazon.com/images/I/61-3s6GJrPL._AC_SY695_.jpg,
paB07DS3N97R,Brooks Men's Glycerin 16 Running Shoes,Brooks,Running Shoes,"outdoor, running shoes",109,https://m.media-amazon.com/images/I/91GSst+R9TL._AC_SY695_.jpg,
paB08YMZSK5D,Mens Fashion Athletic Joggers Pants - Sweatpants Trousers Cotton Cargo Pants Mens Long Pants,Cot-Oath,Joggers,"outdoor, joggers",26,https://m.media-amazon.com/images/I/51bcUFC3yrL._AC_SX569_.jpg,
paB095YY36LM,"Dome Tent Ozark Trail 10-Person Family Camping Tent with 3 Rooms and Screen Porch, blue",Dome Tent,Tent,"outdoor, tent",159,https://m.media-amazon.com/images/I/71-GnCO9ISL._AC_SX679_.jpg,
paB095HYZ91T,Helly Hansen Men's Cascade Mid Cut Hiking Boots,Helly Hansen,Hiking Boots,"outdoor, hiking boots",78,https://m.media-amazon.com/images/I/919URyujfzS._AC_SX695_.jpg,
paB09PMK9S53,Hydro Flask Stainless Steel Wide Mouth Water Bottle with Flex Cap and Double-Wall Vacuum Insulation,,Water Bottle,"outdoor, water bottle",64,https://m.media-amazon.com/images/I/61SEFOHgXPL._AC_SY879_.jpg,
paB0BTM892G6,"8 Person Tent for Camping, Waterproof Windproof Family Tent with Rainfly, Divided Curtain Design for Privacy Space, Portable with Carry Bag",,Tent,"outdoor, tent",139,https://m.media-amazon.com/images/I/719tlK2rBaL._AC_SX679_.jpg,
paB015Y4W6ZS,Grisport Unisex's Saracen High Rise Hiking Boots,Grisport,Hiking Boots,"outdoor, hiking boots",89,https://m.media-amazon.com/images/I/61C7DXnJKbL._AC_SY695_.jpg,
paB0C8LNL85K,COOFANDY Men's Casual Cargo Pants Cotton Drawstring Athletic Jogger Sweatpants,,Pants,"outdoor, pants",25,https://m.media-amazon.com/images/I/61Mpw8hjdCL._AC_UY879_.jpg,
paB09LMNHNZQ,"TETON Sports LEEF Ultralight Mummy Sleeping Bag Perfect for Backpacking, Hiking, and Camping; 3-4 Season Mummy Bag; Free Stuff Sack Included",,Sleeping Bag,"outdoor, sleeping bag",74,https://m.media-amazon.com/images/I/61+TG6x0vBL._AC_SX679_.jpg,
paB07B3C8SKD,Asolo Men's High Rise Hiking Shoes,Asolo,Hiking Shoes,"outdoor, hiking shoes",206,https://m.media-amazon.com/images/I/A1dhDKT73OL._AC_UX695_.jpg,
paB07HDLGGPZ,"Hanes Men's EcoSmart Jogger Sweatpants, Men's Midweight Fleece Lounge Pants, 30.5""",,Joggers,"outdoor, joggers",14,https://m.media-amazon.com/images/I/61kQ0VWArCL._AC_SX679_.jpg,
paB07LC4T57M,"HiHiker Double Sleeping Bag Queen Size XL -for Camping, Hiking Backpacking and Cold Weather, Portable, Waterproof and Lightweight - 2 Person Sleeping Bag",HiHiker,Sleeping Bag,"outdoor, sleeping bag",119,https://m.media-amazon.com/images/I/71hqC9ynqAL._AC_SX679_.jpg,
paB09GLZ1SVG,"PORTAL 8 Person Family Camping Tent with Screen Porch, Portable Water Resistant Windproof Cabin Tent with Rainfly, Carry Bag for Family Camping, Outdoor Hiking",,Tent,"outdoor, tent",149,https://m.media-amazon.com/images/I/61GiP5YyNPL._AC_SX679_.jpg,
paB00OK3PX5A,Pro Club Men's Hoodie,,Hoodie,"outdoor, hoodie",33,https://m.media-amazon.com/images/I/51OCw1vDKKL._AC_SY741_.jpg,
paB098PBZTND,"Nike Women's Wildhorse 7 Trail Running Shoes, CZ1864-600 (Light Soft Pink/Magic, Size 7)",Nike,Trail Running Shoes,"outdoor, trail running shoes",80,https://m.media-amazon.com/images/I/81qRwrUj6kL._AC_UX695_.jpg,
paB093VZPW6W,NORTIV 8 Women's Waterproof Hiking Boots Outdoor Trekking Camping Trail Hiking Boots,,Hiking Boots,"outdoor, hiking boots",59,https://m.media-amazon.com/images/I/81XlZdOTYjL._AC_SY695_.jpg,
paB0893KF92P,"DIBBATU Emergency Survival Sleeping Bag, Thermal Bivy Sack Blanket, Waterproof Lightweight, Mylar Portable Nylon Sack for Camping Hiking Outdoor Adventure Activities and Help Homeless People",,Sleeping Bag,"outdoor, sleeping bag",13,https://m.media-amazon.com/images/I/819OzSoP23S._AC_SX425_.jpg,
paB09JVQH2RJ,12 Pairs No Show Socks Men Women Cotton Socks Low Cut Socks No Show Socks Bulk Liner Socks,Lngwioo,No Show Socks,"outdoor, no show socks",12,https://m.media-amazon.com/images/I/61EZzExmnPL._AC_UX679_.jpg,
paB07KFLMN9K,CORE 12 Person Instant Cabin Tent | 3 Room Tent for Family with Storage Pockets for Camping Accessories | Portable Large Pop Up Tent for 2 Minute Camp Setup,,Tent,"outdoor, tent",294,https://m.media-amazon.com/images/I/51QlUVWkngL._AC_SY355_.jpg,
paB097F2Z5LQ,Brooks Women's Cascadia 16 GTX Running Shoe,Brooks,Running Shoes,"outdoor, running shoes",74,https://m.media-amazon.com/images/I/81YiBWL5eOL._AC_SY500_.jpg,
paB006AWKVDI,NIKE Performance Cushion Quarter Socks with Bag (6 Pairs),Nike,Socks,"outdoor, socks",28,https://m.media-amazon.com/images/I/91L-u6eDEhL._AC_SX679_.jpg,
paB08YDWDL3C,"Frelaxy Sleeping Bag Liner, XL Travel Sheet & Camping Sheet for Backpacking, Hotel, Hostels & Traveling, Comfy & Easy Care, Full-Length Zipper/No Zipper",,Sleeping Bag,"outdoor, sleeping bag",16,https://m.media-amazon.com/images/I/61yUgIRhiaL._AC_SX679_.jpg,
paB0CVN3L9M7,Brooks Women's Ghost 15 Neutral Running Shoe,Brooks,Running Shoes,"outdoor, running shoes",119,https://m.media-amazon.com/images/I/71VKftEnVcL._AC_UY695_.jpg,
paB0BDKK2DXY,"UNP Tents 6 Person Waterproof Windproof Easy Setup,Double Layer Family Camping Tent with 1 Mesh Door & 5 Large Mesh Windows -10'X9'X78in(H)",,Tent,"outdoor, tent",149,https://m.media-amazon.com/images/I/61zicMJJp9L._AC_SX679_.jpg,
paB082KPX88H,ASICS Men's Gel-Venture 7 Running Shoes,,Running Shoes,"outdoor, running shoes",48,https://m.media-amazon.com/images/I/61FFhhOe8NL._AC_SX695_.jpg,
paB08MBB1B6J,"Carhartt Classic Mini Backpack, Durable, Water-Resistant Backpack with Adjustable Shoulder Straps, Wine",,Backpack,"outdoor, backpack",34,https://m.media-amazon.com/images/I/91aILBog-mL._AC_SX679_.jpg,
paB0BZP98L5P,BOTTLE BOTTLE 24oz Insulated Water Bottle Stainless Steel Sport Water Bottle with Straw and Adjustable Lid Daily Pill Organizer (blue gradient),,Water Bottle,"outdoor, water bottle",17,https://m.media-amazon.com/images/I/61+R62uDV9L._AC_SX425_.jpg,
paB07FKCRDS6,Nike Everyday Plus Cushion Low Socks 6-Pair Pack,Nike,Socks,"outdoor, socks",27,https://m.media-amazon.com/images/I/61DwgZPqKoL._AC_SX522_.jpg,
paB0C374F41T,Hiking Boots Womens Waterproof Womens Hiking Boots Backpacking Boots Hiking Shoes Breathable Non-slip Durable Hiking Boots for Outdoors,,Hiking Boots,"outdoor, hiking boots",59,https://m.media-amazon.com/images/I/81VA4dKtUxL._AC_UY695_.jpg,
paB0919LH9JP,"4 Person Pop Up Tents for Camping - AYAMAYA Waterproof Instant Family Tents with Skylight & Removable Rainfly, Upgraded Large Size with 2 Doors -Automatic Easy Setup Beach Tent with Poles",,Tent,"outdoor, tent",69,https://m.media-amazon.com/images/I/611SAY+EMeL._AC_SX679_.jpg,
paB08PDSZ13K,"Amazon Essentials Women's Casual Crew Socks, 6 Pairs",,Crew Socks,"outdoor, crew socks",11,https://m.media-amazon.com/images/I/91aSzlQPl9L._AC_UX679_.jpg,
paB09PFVY2T9,"HIKERGARDEN 10 Person Camping Tent - Portable Easy Set Up Family Tent for Camp, Windproof Fabric Dome Tent Outdoor for Hiking, Backpacking, Traveling-14'x11'x74in(H)",,Tent,"outdoor, tent",169,https://m.media-amazon.com/images/I/61xCAMriQCL._AC_SX679_.jpg,
paB09RRXFSWS,Brooks Men's Ghost 15 Sneaker,Brooks,Sneakers,"outdoor, sneakers",116,https://m.media-amazon.com/images/I/71XjYtwZNRL._AC_SY695_.jpg,
paB071GCRXCV,"Hanes Men's Ecosmart Fleece Sweatshirt, Cotton-blend Pullover, Crewneck Sweatshirt for Men, 1 Or 2 Pack Available",,Sweatshirt,"outdoor, sweatshirt",14,https://m.media-amazon.com/images/I/81ntuce4ZlL._AC_SX679_.jpg,
paB019DLUFCY,NIKE Men's Sportswear Club Full Zip Hoodie,NIKE,Hoodie,"outdoor, hoodie",11,https://m.media-amazon.com/images/I/61PV2gxo1EL._AC_SX679_.jpg,
paB07PKRZRPY,48 Pairs Thin Low Cut Ankle Socks for Men Comfortable Lightweight Breathable Bulk Pack Wholesale,,Ankle Socks,"outdoor, ankle socks",29,https://m.media-amazon.com/images/I/91Alr+DncnL._AC_SX679_.jpg,
paB08CXVMZGN,"CAMPROS CP 3 Person Tent - Dome Tents for Camping, Waterproof Windproof Backpacking Tent, Easy Set up Small Lightweight Tents, for All Seasons Hiking Beach Outdoor with 3 Mesh Windows",,Tent,"outdoor, tent",41,https://m.media-amazon.com/images/I/51KLSR5Kw-L._AC_SX679_.jpg,
paB0B48C5LJC,Women Hiking Boots Waterproof Mid Work Shoes Lace Up Suede Leather Walking Trekking Mountain Outdoor,,Hiking Boots,"outdoor, hiking boots",45,https://m.media-amazon.com/images/I/81INP6LOuAL._AC_UY695_.jpg,
paB00VFGKUIK,CORE 6 Person Instant Cabin Tent | Portable Large Pop Up Tent with Easy 60 Second Camp Setup for Family Camping | Included Hanging Organizer for Outdoor Camping Accessories,,Tent,"outdoor, tent",169,https://m.media-amazon.com/images/I/51L7HMRfM3L._AC_SX679_.jpg,
paB0787PGJB3,adidas Men's Athletic Cushioned Crew Socks with Arch Compression for a Secure Fit (6-Pair),,Crew Socks,"outdoor, crew socks",12,https://m.media-amazon.com/images/I/91B9rKVd7jL._AC_SX679_.jpg,
paB001TS6WWC,Coleman 6-Person WeatherMaster Tent,,Tent,"outdoor, tent",260,https://m.media-amazon.com/images/I/71FwdoPn2bL._AC_SX679_.jpg,
paB08L8GH1HB,Pair of Thieves Men’s Athletic Performance Socks - 6 Pack Cushioned Low Cut and Crew Socks for Men,,Socks,"outdoor, socks",12,https://m.media-amazon.com/images/I/81kQGxSMrRL._AC_UX679_.jpg,
paB071JDWSRS,"Hanes Men's Hoodie, Ecosmart Fleece Full-zip Hoodie, Zip-up Hooded Sweatshirt for Men",,Hoodie,"outdoor, hoodie",21,https://m.media-amazon.com/images/I/81rqN4rxW2L._AC_SX679_.jpg,
paB01573EHE4,"Snugpak Basecamp Ops Sleeper Extreme Sleeping Bag, 19 Degree, Insulated, Olive",,Sleeping Bag,"outdoor, sleeping bag",79,https://m.media-amazon.com/images/I/717gDntUDSL._AC_SY879_.jpg,
paB07W454YC4,"Hanes Men's Sweatpants, Ultimate Cotton Fleece Sweatpants, Joggers with Pockets for Men",,Sweatpants,"outdoor, sweatpants",17,https://m.media-amazon.com/images/I/61Z6BGprKcL._AC_SX679_.jpg,
paB08F2N6V84,Fruit of the Loom Men's Eversoft Cotton Stay Tucked Crew T-Shirt,,T-Shirt,"outdoor, t-shirt",15,https://m.media-amazon.com/images/I/51OijIFUO9L._AC_UY879_.jpg,
paB07CPP8TD2,12'x10'x8'Dome Camping Tent 5-6 Person 4 Season Double Layers Waterproof Anti-UV Windproof Tents Family Outdoor Camping Tent,,Tent,"outdoor, tent",165,https://m.media-amazon.com/images/I/619txAZh+2L._AC_SX679_.jpg,
paB0C6WQVVSY,Dubinik® Mens Flannel Shirts Long Sleeve Flannel Shirt for Men Casual Button Down Brushed 100% Cotton Shirt,,Shirt,"outdoor, shirt",34,https://m.media-amazon.com/images/I/814m5ZAyKxL._AC_SX679_.jpg,
paB0749MBRFC,"TETON Sports Leef Mummy Sleeping Bag - Lightweight Sleeping Bag for Backpacking, Camping, and Hiking - Cold-Weather Sleeping Bag - Camping Accessory with Drawstring Compression Sack - Short 20℉, Green",,Sleeping Bag,"outdoor, sleeping bag",70,https://m.media-amazon.com/images/I/61zmAXWdg6L._AC_SY450_.jpg,
paB00KBZOR94,"Hanes Men's Essentials T-shirt Pack, Crewneck Cotton T-shirts for Men, 4 Or 6 Pack Available",,T-Shirt,"outdoor, t-shirt",63,https://m.media-amazon.com/images/I/612OCczgZHL._AC_SX679_.jpg,
paB07HF5Z99K,"Desert & Fox Cotton Flannel Sleeping Bags with Pillow, 4 Season Warm & Cold Weather Envelope Compression Sack, Lightweight & Portable Backpacking Sleeping Bag for Outdoor Camping, Hiking, Traveling",,Sleeping Bag,"outdoor, sleeping bag",42,https://m.media-amazon.com/images/I/61ynRmHVLtL._AC_SX679_.jpg,
paB09ZBGXRQR,Nike Men's Dri-Fit Training Cotton Cushioned Crew Socks (6 Pair),Nike,Crew Socks,"outdoor, crew socks",31,https://m.media-amazon.com/images/I/71Uck7gi96L._AC_UY879_.jpg,
paB08LMSPP2X,Under Armour Hustle Sport Backpack,,Backpack,"outdoor, backpack",45,https://m.media-amazon.com/images/I/51Ye9RDrR3L._AC_SX679_.jpg,
paB09JY8VCF8,"HydroJug Half Gallon Water Bottle 64oz - Leakproof, Carry Handle, Dishwasher Safe, BPA Free - All-Day Cold Hydration - For Fitness, Outdoors, Everyday Life",,Water Bottle,"outdoor, water bottle",19,https://m.media-amazon.com/images/I/4173Ix-wPIL._AC_SX425_.jpg,
paB0B8VC4DDC,COACH Backpack In Signature Canvas One Size,,Backpack,"outdoor, backpack",95,https://m.media-amazon.com/images/I/61va2MIAX1L._AC_SX679_.jpg,
paB085XSMLDG,"EchoSmile Camping Instant Tent, 2/4/6/8/10 Person Pop Up Tent, Water Resistant Dome Tent, Easy Setup for Camping Hiking and Outdoor, Portable Tent with Carry Bag, for 3 Seasons…",,Tent,"outdoor, tent",84,https://m.media-amazon.com/images/I/51yRAryjdBL._AC_SX679_.jpg,
paB08T1FVQKX,"32 oz TRITAN/BPA-Free Water Bottle w/Time Marker, Pink, Motivational Measurements w/Time & Volume, Frosted Plastic, EXTRA Lid for Gym, Sports, Travel, Fitness, or Work",,Water Bottle,"outdoor, water bottle",9,https://m.media-amazon.com/images/I/719y6ge4hpL._AC_SX679_.jpg,
paB0B26ZQ1Y4,"48 Pairs Womens Low Cut Ankle Socks, Comfortable Lightweight Breathable Athletic Bulk Pack Wholesale",,Ankle Socks,"outdoor, ankle socks",34,https://m.media-amazon.com/images/I/91kD2NT-hoL._AC_UX679_.jpg,
paB07D7Q7W2D,ASICS Men's Gel-Venture 6 Trail Running Shoes,,Trail Running Shoes,"outdoor, trail running shoes",48,https://m.media-amazon.com/images/I/61q9meJ9rBL._AC_UY695_.jpg,
paB093ZRGRFM,ASICS womens Running Shoes,,Running Shoes,"outdoor, running shoes",79,https://m.media-amazon.com/images/I/615-tDoNbYL._AC_UY695_.jpg,
paB07VXPKRPW,"Klymit KSB Lightweight Mummy Sleeping Bag, 20°F Sleeping Bag for Camping, Hiking, and Backpacking in Cold Weather, Gray, Extra Large",,Sleeping Bag,"outdoor, sleeping bag",212,https://m.media-amazon.com/images/I/71TntBF4uhL._AC_SX679_.jpg,
paB00Q7EUSNW,Columbia Men's Peakfreak Venture Waterproof Wide Hiking Shoe,,Hiking Shoes,"outdoor, hiking shoes",80,https://m.media-amazon.com/images/I/513JMWlZgtL._AC_SX395_.jpg,
paB0C3V7WN9L,BOTTLE BOTTLE Insulated Water Bottle 24oz with Straw Lid and Handle for Sports Travel Gym Stainless Steel Water Bottles Double-Wall Vacuum Metal Thermos Bottles Leak Proof BPA-Free (Light Gray),,Water Bottle,"outdoor, water bottle",22,https://m.media-amazon.com/images/I/513ZpmPfuBL._AC_SX679_.jpg,
paB0828MV4QR,"Gildan Men's Heavy Cotton T-Shirt, Style G5000, 2-Pack",,T-Shirt,"outdoor, t-shirt",39,https://m.media-amazon.com/images/I/61lDolpjTRL._AC_SX679_.jpg,
paB008F060TW,NIKE Performance Cushion Quarter Training Socks (3 Pairs),Nike,Socks,"outdoor, socks",29,https://m.media-amazon.com/images/I/61OTS2-KWQL._AC_SX342_.jpg,
paB000L9A6ZY,Speedo Unisex Plain Moulded Silicone Swimming Cap,Speedo,Cap,"outdoor, cap",7,https://m.media-amazon.com/images/I/41pIlxTHMzL._AC_SX522_.jpg,
paB0BVTMRRGQ,50 Pairs No Show Socks Bulk Size 6-9 Women Men Low Cut Ankle Socks Non Slip Invisible Socks Short Anti-slid Liner Unisex Breathable Casual Athletic Socks for Loafers Sneakers Trainers Boat Shoes,Newcotte,No Show Socks,"outdoor, no show socks",25,https://m.media-amazon.com/images/I/71dO9PjmUHL._AC_UX679_.jpg,
paB09D6NGPBB,OUTSON Mens Fashion Joggers Sports Pants Casual Cotton Cargo Pants Gym Sweatpants Trousers Mens Long Pant,,Joggers,"outdoor, joggers",30,https://m.media-amazon.com/images/I/61ZZnIuZYFL._AC_SY879_.jpg,
paB0BLBY7MXD,3-6 Pack Womens Crew Lightweight Thin Casual Calf Socks Size 6-11,,Socks,"outdoor, socks",15,https://m.media-amazon.com/images/I/71TZjXEyIvL._AC_UX679_.jpg,
paB08VK85KJB,"Ciays Camping Tent, Waterproof Family Tent with Removable Rainfly and Carry Bag, Lightweight Tent with Stakes for Camping, Traveling, Backpacking, Hiking, Outdoors",Ciays,Tent,"outdoor, tent",69,https://m.media-amazon.com/images/I/615bL4hFXkL._AC_SX679_.jpg,
paB0BNJN4D9V,ASICS Nimbus 25 Lite-Show Road Running Shoe for Woman Blue Yellow,ASICS,Running Shoes,"outdoor, running shoes",136,https://m.media-amazon.com/images/I/61emHCWBPbL._AC_SY695_.jpg,
paB07XHYJTXD,"Coleman Skydome Camping Tent with Dark Room Technology, 4/6/8/10 Person Family Tent Sets Up in 5 Minutes and Blocks 90% of Sunlight, Weatherproof Tent with Extra Storage and Ventilation",,Tent,"outdoor, tent",121,https://m.media-amazon.com/images/I/71ptwCPOJJL._AC_SX679_.jpg,
paB09RRZ7D6S,Brooks Women's Ghost 15 Sneaker,Brooks,Sneakers,"outdoor, sneakers",8,https://m.media-amazon.com/images/I/71Ki6J6OTuL._AC_SY695_.jpg,
paB07Z76B2NC,Under Armour Unisex Hustle 5.0 Backpack,,Backpack,"outdoor, backpack",48,https://m.media-amazon.com/images/I/51VMa+iPDjL._AC_SX679_.jpg,
paB08LPQWT4V,"ROCKROOSTER Newland Hiking Boots for Men- Green, 6'' Waterproof Non-Slip Outdoor Mountaineering Boots, Ankle, Anti-Fatigue, Comfortable, Shock Absorption(KS5536 US 11)",,Hiking Boots,"outdoor, hiking boots",24,https://m.media-amazon.com/images/I/81GT9uA+3UL._AC_UY695_.jpg,
paB0CD38QN4R,Nike Hoops Elite Backpack Royal,Nike,Backpack,"outdoor, backpack",86,https://m.media-amazon.com/images/I/61vBcFW4XQL._AC_SX679_.jpg,
paB073CLWQM9,"Hanes Men's Hanes Men's Socks, X-temp Cushioned Crew Socks, 12-pack",,Socks,"outdoor, socks",22,https://m.media-amazon.com/images/I/619CjC1kXaL._AC_SY879_.jpg,
paB075VJZWNH,Tactical Day Pack Backpack for Everyday,,Backpack,"outdoor, backpack",35,https://m.media-amazon.com/images/I/91dwi3d68IL._AC_SY741_.jpg,
paB08LQN3N9D,60 Pairs Men Ankle Socks Low Cut Sports Tab Socks No Show Breathable Casual Socks Thin Athletic Short Sock Bulk,Syhood,Ankle Socks,"outdoor, ankle socks",29,https://m.media-amazon.com/images/I/81uOJe-E7pL._AC_SX342_.jpg,
paB088FZHHK8,"ZOOOBELIVES Ultralight Backpacking 32-50F Down Sleeping Bag - 27oz Ultra Compact 650 Fill Power Envelope Sleeping Bag for Hiking, Camping and Backcountry, Lightweight and Compressible – Alplive T400",,Sleeping Bag,"outdoor, sleeping bag",83,https://m.media-amazon.com/images/I/7107x+dgoYL._AC_SX679_.jpg,
paB07175JXPK,Amazon Essentials Men's Closed Bottom Fleece Sweatpants (Available in Big & Tall),,Sweatpants,"outdoor, sweatpants",13,https://m.media-amazon.com/images/I/71gmp+RaB9L._AC_SY879_.jpg,
paB0059CVBWK,"Nike Dri-FIT Cushion Low-Cut Training Socks, 6-pairs",Nike,Socks,"outdoor, socks",27,https://m.media-amazon.com/images/I/71BgujMNQzL._AC_SX679_.jpg,
paB0CCVBLL5J,Aelfric Eden Mens Graphic Oversized Hoodie Cartoon Character Print Streetwear Casual hoodies y2k Hooded Sweatshirt,,Hoodie,"outdoor, hoodie",51,https://m.media-amazon.com/images/I/51UdBh+o6eL._AC_UX679_.jpg,
paB07GBGWGFF,Nike Men's Everyday Plus Cushion Crew Socks Medium,Nike,Crew Socks,"outdoor, crew socks",28,https://m.media-amazon.com/images/I/61q3MlILGhL._AC_SX522_.jpg,
paB098WQQ2SP,Women's Mid Lightweight Outdoor Hiking Boots,OUTVENTURE,Hiking Boots,"outdoor, hiking boots",59,https://m.media-amazon.com/images/I/71bVPsvRAHL._AC_SY500_.jpg,
paB01MXQ664S,Pro Club Men's Heavyweight Full Zip Fleece Hoodie,,Hoodie,"outdoor, hoodie",19,https://m.media-amazon.com/images/I/81tjsf5jkLL._AC_SX679_.jpg,
paB0BRQQPTNS,Kelty Tru.Comfort Doublewide 20 Degree Sleeping Bag – Two Person Synthetic Camping Sleeping Bag for Couples & Family Camping,,Sleeping Bag,"outdoor, sleeping bag",199,https://m.media-amazon.com/images/I/715v8e0PJAL._AC_SX679_.jpg,
paB09G8DWSBL,adidas Energy Backpack,,Backpack,"outdoor, backpack",39,https://m.media-amazon.com/images/I/81Cq4Qk9aQL._AC_UX679_.jpg,
paB0B71ZJ8K1,JMIERR Mens Casual Joggers Pants - Cotton Drawstring Chino Cargo Pants Hiking Outdoor Twill Track Jogging Sweatpants Pants,,Joggers,"outdoor, joggers",29,https://m.media-amazon.com/images/I/61GwBbU3oqL._AC_UY879_.jpg,
paB0CRZ22GNG,3 Pcs Men's Oversized Heavy Cotton Summer T-Shirts Vintage Tee Loose Fit Short Sleeve Casual Tshirts for Men Women,duwqcui,T-Shirt,"outdoor, t-shirt",31,https://m.media-amazon.com/images/I/71InQyE-w8L._AC_SX679_.jpg,
paB0C53X5SY8,Nike Hoops Elite Backpack (32L) (2023),Nike,Backpack,"outdoor, backpack",104,https://m.media-amazon.com/images/I/51lm-hTQIML._AC_SY879_.jpg,
paB00JHDH716,"Hanes Women's Value Socks, No Show Soft Moisture-Wicking Socks, Available in 10 and 14-Packs",Hanes,Socks,"outdoor, socks",17,https://m.media-amazon.com/images/I/61S+lmzNGNL._AC_SX679_.jpg,
paB097DT428G,Women's Hiking Boots Lace up Ankle Boots Mid Outdoor Non Slip Backpacking Trekking Mountaineering Trail Shoes(Navy.US6),,Hiking Boots,"outdoor, hiking boots",28,https://m.media-amazon.com/images/I/81j-5V0jeeL._AC_UY695_.jpg,
paB07W96SMG5,Ozark Trail Hazel Creek 16 Person Family Cabin Tent,Unknown,Tent,"outdoor, tent",349,https://m.media-amazon.com/images/I/71k-VVBmb9L._AC_SX679_.jpg,
paB01N16QIZ7,Southpole Men's Basic Stretch Twill Jogger Pants-Reg and Big & Tall Sizes,,Joggers,"outdoor, joggers",20,https://m.media-amazon.com/images/I/61rLasqJvRL._AC_UY879_.jpg,
paB08HGW1QC1,"Camping Tent 2 Person, Waterproof Windproof Tent with Rainfly Easy Set up-Portable Dome Tents for Camping",,Tent,"outdoor, tent",39,https://m.media-amazon.com/images/I/61dAOAtdC+L._AC_SX679_.jpg,
paB096R85HG3,"32oz Water Bottle with Time Marker & Straw, Dishwasher Safe, Leakproof, Safety Lock, No BPA, Reusable Water Jug to Ensure You Drink Enough Water Daily for Fitness, Gym, Outdoor Sports…",GOBEES,Water Bottle,"outdoor, water bottle",8,https://m.media-amazon.com/images/I/71j+wYDiQlL._AC_SY879_.jpg,
paB08869V64N,ASICS Men's Gel-Venture 8 Running Shoes,,Running Shoes,"outdoor, running shoes",49,https://m.media-amazon.com/images/I/61fBSrew2NL._AC_SY500_.jpg,
paB07L7QNYTK,Nike Men's Sportswear Club Pullover Hoodie,Nike,Hoodie,"outdoor, hoodie",70,https://m.media-amazon.com/images/I/61Xp-6XC8nL._AC_SX679_.jpg,
paB09WBFFWHQ,ASICS Women's Gel-Contend 8 Running Shoes,ASICS,Running Shoes,"outdoor, running shoes",70,https://m.media-amazon.com/images/I/613LGaIjQAL._AC_SY500_.jpg,
paB00LGRXZQW,Southpole Men's 1570 Basic Active Fleece Jogger Sweatpants,,Joggers,"outdoor, joggers",15,https://m.media-amazon.com/images/I/611uoD6XDIL._AC_SX679_.jpg,
paB08GJZ2R9P,Nike Men's Hoodie,Nike,Hoodie,"outdoor, hoodie",49,https://m.media-amazon.com/images/I/51KbcJScxtL._AC_SX679_.jpg,
paB0BVQPVVHJ,"Hyeta 32oz Water Bottles with Straw - Stay Motivated and Hydrated with Convenient Times to Drink Markings, Durable, Leak-proof and BPA-free",,Water Bottle,"outdoor, water bottle",9,https://m.media-amazon.com/images/I/71vqTHnWjxL._AC_SX679_.jpg,
paB089VH8H6Q,NIKE Sportswear Men's Pullover Club Hoodie,Nike,Hoodie,"outdoor, hoodie",60,https://m.media-amazon.com/images/I/51cB8iGPJZL._AC_SY879_.jpg,
paB071XXR2Y8,"Naturehike Ultralight Sleeping Bag - Envelope Lightweight Portable, Waterproof, Comfort with Compression Sack - Great for 3 Season Traveling, Camping, Hiking",,Sleeping Bag,"outdoor, sleeping bag",36,https://m.media-amazon.com/images/I/61gSsp6-TCL._AC_SX679_.jpg,
paB07L5JM51B,NORTIV 8 Men's Ankle High Waterproof Hiking Boots Backpacking Trekking Trails Shoes,,Hiking Boots,"outdoor, hiking boots",30,https://m.media-amazon.com/images/I/71am3esvZ7L._AC_UY695_.jpg,
paB00UZKMTIG,Pro Club Men's 6-Pack Heavyweight Cotton Short Sleeve Crew Neck T-Shirt,,Shorts,"outdoor, shorts",19,https://m.media-amazon.com/images/I/71Pd6xsTcvL._AC_SX679_.jpg,
